ID,label
1.jpg,iXO2
2.jpg,YiVL
3.jpg,iCA6
4.jpg,TZNg
5.jpg,xYAE
6.jpg,ZAhH
7.jpg,n6RH
8.jpg,ekY4
9.jpg,Q0JI
10.jpg,8bub
11.jpg,OPRP
12.jpg,KlN6
13.jpg,u38E
14.jpg,ltZh
15.jpg,DENE
16.jpg,UHur
17.jpg,DZW6
18.jpg,XbrZ
19.jpg,8iy9
20.jpg,IybQ
21.jpg,iVYt
22.jpg,bPX9
23.jpg,I09M
24.jpg,7UbT
25.jpg,l9iC
26.jpg,lbof
27.jpg,1Ars
28.jpg,oPVJ
29.jpg,jhVP
30.jpg,1jGC
31.jpg,b86y
32.jpg,lF9Z
33.jpg,wYKF
34.jpg,Wnyh
35.jpg,l7T8
36.jpg,hUhh
37.jpg,xPyh
38.jpg,jQIv
39.jpg,D2Jn
40.jpg,6HUl
41.jpg,iW8h
42.jpg,Wy79
43.jpg,inC1
44.jpg,lLCy
45.jpg,wf8T
46.jpg,uwe4
47.jpg,0PMr
48.jpg,Q9Ty
49.jpg,K8VN
50.jpg,qBKf
51.jpg,5cyV
52.jpg,WiYK
53.jpg,yENX
54.jpg,DXNM
55.jpg,Itrz
56.jpg,ODD6
57.jpg,X6lQ
58.jpg,XYKZ
59.jpg,UiCj
60.jpg,DNIz
61.jpg,374A
62.jpg,8kEA
63.jpg,3b4Q
64.jpg,9Y2g
65.jpg,6lNC
66.jpg,i3HI
67.jpg,OCXF
68.jpg,IhIy
69.jpg,8Y4V
70.jpg,7K9i
71.jpg,0QRT
72.jpg,FYAW
73.jpg,lAY9
74.jpg,lAZD
75.jpg,iPTi
76.jpg,laef
77.jpg,Gve9
78.jpg,nYXr
79.jpg,PXXD
80.jpg,4NZA
81.jpg,GtyP
82.jpg,nXhl
83.jpg,RXCf
84.jpg,ybXi
85.jpg,GbPb
86.jpg,YPHr
87.jpg,wwDS
88.jpg,BwYN
89.jpg,BAV6
90.jpg,yjr0
91.jpg,v0W5
92.jpg,Iiil
93.jpg,iYX6
94.jpg,l9gX
95.jpg,t0GX
96.jpg,kYXS
97.jpg,DOhV
98.jpg,VQhX
99.jpg,1YIA
100.jpg,g16l
101.jpg,Q9K3
102.jpg,BmvY
103.jpg,GSWh
104.jpg,76of
105.jpg,CTMl
106.jpg,X6HE
107.jpg,8b5j
108.jpg,n3Lb
109.jpg,jM5C
110.jpg,GPJw
111.jpg,68si
112.jpg,Ih5Z
113.jpg,6ayf
114.jpg,9857
115.jpg,QXND
116.jpg,nhnH
117.jpg,tNXb
118.jpg,1L8P
119.jpg,BiuW
120.jpg,iUhR
121.jpg,oRX7
122.jpg,dh8Z
123.jpg,FDi1
124.jpg,i0iC
125.jpg,nwQ6
126.jpg,VXNn
127.jpg,0Jbl
128.jpg,B36o
129.jpg,lOl4
130.jpg,XD4k
131.jpg,7OGC
132.jpg,APiV
133.jpg,bDJs
134.jpg,XUTq
135.jpg,7oyr
136.jpg,B3yu
137.jpg,78XM
138.jpg,6SLD
139.jpg,lAoi
140.jpg,XlbY
141.jpg,VziC
142.jpg,78q9
143.jpg,R3jE
144.jpg,XLX9
145.jpg,88bb
146.jpg,NZ3n
147.jpg,lVnK
148.jpg,4DPj
149.jpg,MyyO
150.jpg,mx6V
151.jpg,SPA0
152.jpg,lsHx
153.jpg,c4Xh
154.jpg,zIzW
155.jpg,UuG6
156.jpg,kJHS
157.jpg,iLwP
158.jpg,96il
159.jpg,KMV8
160.jpg,pxui
161.jpg,I86E
162.jpg,UgaH
163.jpg,Z4hP
164.jpg,Zo0X
165.jpg,iOaf
166.jpg,2uGe
167.jpg,88f2
168.jpg,6ZXk
169.jpg,51b2
170.jpg,bTLn
171.jpg,yEHS
172.jpg,XUfU
173.jpg,CORM
174.jpg,0ii8
175.jpg,4XqO
176.jpg,QCAZ
177.jpg,lS6s
178.jpg,vP6P
179.jpg,08Nm
180.jpg,I6O3
181.jpg,A2cZ
182.jpg,X0D8
183.jpg,S8DE
184.jpg,ATI8
185.jpg,u5As
186.jpg,Lk78
187.jpg,8bNn
188.jpg,l0Ls
189.jpg,OAfr
190.jpg,Z6Yo
191.jpg,aIxH
192.jpg,A5E1
193.jpg,9zDC
194.jpg,HJhV
195.jpg,O8zT
196.jpg,lK7X
197.jpg,INFP
198.jpg,h6r7
199.jpg,bbXb
200.jpg,IYTE
201.jpg,9HJf
202.jpg,Tv5P
203.jpg,yCR5
204.jpg,0HfD
205.jpg,lW4s
206.jpg,88FW
207.jpg,4W8X
208.jpg,1tGV
209.jpg,Pyw8
210.jpg,INXY
211.jpg,G2bc
212.jpg,IAeD
213.jpg,XULD
214.jpg,oY3L
215.jpg,yHkO
216.jpg,McQo
217.jpg,hvCW
218.jpg,KDQk
219.jpg,ePsV
220.jpg,B5Z3
221.jpg,8HXE
222.jpg,O6Vl
223.jpg,llUC
224.jpg,4h7U
225.jpg,1i93
226.jpg,YnDC
227.jpg,7GOo
228.jpg,XwjA
229.jpg,DjAQ
230.jpg,YrCK
231.jpg,21by
232.jpg,j68N
233.jpg,oiIZ
234.jpg,93AJ
235.jpg,IXgo
236.jpg,1gAy
237.jpg,iB8i
238.jpg,Z8N8
239.jpg,IAPX
240.jpg,Q2XE
241.jpg,lL97
242.jpg,9bDD
243.jpg,I0Ab
244.jpg,YoXh
245.jpg,JHXP
246.jpg,4RN8
247.jpg,CYgv
248.jpg,OO0H
249.jpg,nxqG
250.jpg,6jqt
251.jpg,ei0D
252.jpg,JOY3
253.jpg,X29g
254.jpg,lOlA
255.jpg,hX4X
256.jpg,Xno9
257.jpg,ODX4
258.jpg,UoPc
259.jpg,GXIu
260.jpg,iboP
261.jpg,5nED
262.jpg,38gP
263.jpg,IMgY
264.jpg,DrJP
265.jpg,5kwu
266.jpg,ZiN0
267.jpg,IAfX
268.jpg,8vGR
269.jpg,Zv10
270.jpg,5xFc
271.jpg,l3PG
272.jpg,oIQx
273.jpg,JgXj
274.jpg,QrN7
275.jpg,neaT
276.jpg,kEKC
277.jpg,XwX9
278.jpg,z0T7
279.jpg,lLnO
280.jpg,oDb6
281.jpg,jiQI
282.jpg,p6zn
283.jpg,CjZ0
284.jpg,xyOW
285.jpg,PPZP
286.jpg,liu2
287.jpg,2ZZ9
288.jpg,95jE
289.jpg,yTcJ
290.jpg,4CJh
291.jpg,o9D8
292.jpg,Vig4
293.jpg,PX8z
294.jpg,0YyM
295.jpg,JFMu
296.jpg,5ViF
297.jpg,YCfh
298.jpg,C6D8
299.jpg,aaCT
300.jpg,J6PV
301.jpg,bNNI
302.jpg,PNwi
303.jpg,PLs0
304.jpg,GPCc
305.jpg,lzUM
306.jpg,CAgs
307.jpg,lii5
308.jpg,lnO7
309.jpg,iE8r
310.jpg,4seO
311.jpg,WFU7
312.jpg,PoSG
313.jpg,jjST
314.jpg,ibbU
315.jpg,9MPA
316.jpg,JXCr
317.jpg,Y9XO
318.jpg,W6bN
319.jpg,fY9u
320.jpg,hMPY
321.jpg,5X3y
322.jpg,PLGW
323.jpg,ZhXb
324.jpg,QVjN
325.jpg,5VT0
326.jpg,XZvY
327.jpg,3h4l
328.jpg,7r9F
329.jpg,viQi
330.jpg,l8X1
331.jpg,bO3j
332.jpg,9VIU
333.jpg,KoW4
334.jpg,6P74
335.jpg,NYek
336.jpg,Czow
337.jpg,PTfT
338.jpg,tT1U
339.jpg,08il
340.jpg,8La0
341.jpg,8a3D
342.jpg,UOOY
343.jpg,kKUP
344.jpg,QbDb
345.jpg,jMUJ
346.jpg,57HJ
347.jpg,7y6y
348.jpg,QC0V
349.jpg,X2Tb
350.jpg,RFS9
351.jpg,Cg9J
352.jpg,VRQY
353.jpg,0gDi
354.jpg,cBhC
355.jpg,lysu
356.jpg,99c3
357.jpg,B3AC
358.jpg,c5Iv
359.jpg,0P3C
360.jpg,lJhn
361.jpg,I03Q
362.jpg,m91h
363.jpg,Xwiw
364.jpg,lmHU
365.jpg,iil4
366.jpg,6jyA
367.jpg,SNTN
368.jpg,u78Z
369.jpg,IYCN
370.jpg,F1P3
371.jpg,SmY8
372.jpg,ecJ4
373.jpg,iXNZ
374.jpg,CXOI
375.jpg,GNXH
376.jpg,5Uve
377.jpg,1oH6
378.jpg,4lt8
379.jpg,ZrkG
380.jpg,GADN
381.jpg,o642
382.jpg,MCT8
383.jpg,5qlu
384.jpg,i6ly
385.jpg,UjyO
386.jpg,9Qbs
387.jpg,V4rk
388.jpg,IGcv
389.jpg,KckG
390.jpg,8JXg
391.jpg,K6L9
392.jpg,0h56
393.jpg,4bYS
394.jpg,VLyz
395.jpg,bZID
396.jpg,JCXO
397.jpg,DE59
398.jpg,zD1I
399.jpg,6cw3
400.jpg,609S
401.jpg,2LMg
402.jpg,lJNK
403.jpg,UJ7Q
404.jpg,uoch
405.jpg,8DQ6
406.jpg,9go3
407.jpg,ov37
408.jpg,SZ28
409.jpg,CkKZ
410.jpg,iXnd
411.jpg,lXiD
412.jpg,PvYy
413.jpg,jn49
414.jpg,3GA8
415.jpg,uUL9
416.jpg,fP0D
417.jpg,WYDc
418.jpg,XAIY
419.jpg,Y3OZ
420.jpg,MGF8
421.jpg,P40A
422.jpg,lX7R
423.jpg,IZPi
424.jpg,CHjC
425.jpg,PNjN
426.jpg,o9Zc
427.jpg,lPgA
428.jpg,PX0I
429.jpg,05yV
430.jpg,yAV9
431.jpg,Wa4I
432.jpg,hNDD
433.jpg,Z58Y
434.jpg,l63v
435.jpg,UTOc
436.jpg,Iw8b
437.jpg,lxrJ
438.jpg,m12H
439.jpg,sD0H
440.jpg,bPG5
441.jpg,oWPP
442.jpg,ghbX
443.jpg,4HX8
444.jpg,8T0O
445.jpg,lhwE
446.jpg,bCW6
447.jpg,IQb3
448.jpg,Qww9
449.jpg,0Xah
450.jpg,iiCi
451.jpg,ZOD5
452.jpg,iSYX
453.jpg,lELD
454.jpg,ZX87
455.jpg,PpPg
456.jpg,IuNI
457.jpg,6tY8
458.jpg,8d88
459.jpg,xMTO
460.jpg,j0MV
461.jpg,UXUS
462.jpg,fR9G
463.jpg,iJ50
464.jpg,9OGy
465.jpg,AEHl
466.jpg,6R9n
467.jpg,Z9iU
468.jpg,qEXp
469.jpg,5UND
470.jpg,Z3ju
471.jpg,tpQa
472.jpg,wx5W
473.jpg,DNNX
474.jpg,IgVg
475.jpg,YYQq
476.jpg,kWXe
477.jpg,lE6P
478.jpg,w8Wb
479.jpg,bigh
480.jpg,PeYL
481.jpg,PSs8
482.jpg,DhP8
483.jpg,ILhI
484.jpg,fecJ
485.jpg,GC3P
486.jpg,pxz6
487.jpg,i5ki
488.jpg,Z5TA
489.jpg,AyaD
490.jpg,o9WW
491.jpg,8yJQ
492.jpg,8W6A
493.jpg,9CXK
494.jpg,7by9
495.jpg,4JKW
496.jpg,S921
497.jpg,99NX
498.jpg,fOPf
499.jpg,Cixb
500.jpg,1krs
501.jpg,w9JM
502.jpg,3QVV
503.jpg,I9Qy
504.jpg,6869
505.jpg,JYvh
506.jpg,jYVp
507.jpg,pDNw
508.jpg,OPE2
509.jpg,RMDj
510.jpg,Q0iw
511.jpg,sdbY
512.jpg,O0IO
513.jpg,Qi4i
514.jpg,hvWK
515.jpg,i6jx
516.jpg,686c
517.jpg,6XGM
518.jpg,2MOE
519.jpg,87tC
520.jpg,oM76
521.jpg,cfa8
522.jpg,1YYh
523.jpg,XWY3
524.jpg,zGvi
525.jpg,xTJ9
526.jpg,0SrA
527.jpg,GyLw
528.jpg,96Ev
529.jpg,51wm
530.jpg,0K60
531.jpg,XPJP
532.jpg,r0UF
533.jpg,l309
534.jpg,Auiz
535.jpg,olli
536.jpg,tNhP
537.jpg,XUH0
538.jpg,Qy5W
539.jpg,PMSZ
540.jpg,iIDM
541.jpg,ONO8
542.jpg,iQ4P
543.jpg,YKXl
544.jpg,VXhY
545.jpg,XFXo
546.jpg,IQcw
547.jpg,5H8b
548.jpg,0uh2
549.jpg,niW5
550.jpg,C4Si
551.jpg,qKNI
552.jpg,mCu8
553.jpg,iCib
554.jpg,Xh8F
555.jpg,9iVb
556.jpg,05YH
557.jpg,h49l
558.jpg,ZYYT
559.jpg,GCo8
560.jpg,b8YA
561.jpg,yTa6
562.jpg,9RXA
563.jpg,wfbo
564.jpg,lezF
565.jpg,8KUo
566.jpg,wPX6
567.jpg,7mXW
568.jpg,ZYae
569.jpg,PI8V
570.jpg,0l6p
571.jpg,iKiw
572.jpg,lXYv
573.jpg,O3DT
574.jpg,bZyP
575.jpg,Q4V6
576.jpg,iSyz
577.jpg,X83V
578.jpg,lDNX
579.jpg,I8qB
580.jpg,0djp
581.jpg,DYr4
582.jpg,luSh
583.jpg,uC9X
584.jpg,VvTS
585.jpg,WQCm
586.jpg,jsGv
587.jpg,IXP5
588.jpg,IHU5
589.jpg,x6ZM
590.jpg,7mvi
591.jpg,5OFf
592.jpg,2NDi
593.jpg,bESy
594.jpg,NwCp
595.jpg,nIR3
596.jpg,UCFA
597.jpg,iJEP
598.jpg,RA75
599.jpg,kso8
600.jpg,jFLo
601.jpg,fbAX
602.jpg,geTL
603.jpg,0Tf8
604.jpg,bFcX
605.jpg,lQ7t
606.jpg,I7VP
607.jpg,lSiP
608.jpg,qwWK
609.jpg,ycTj
610.jpg,JGE8
611.jpg,nn2G
612.jpg,1s7A
613.jpg,lLWh
614.jpg,G9hh
615.jpg,3noz
616.jpg,Cifo
617.jpg,lh56
618.jpg,i8I3
619.jpg,oF1X
620.jpg,XjUf
621.jpg,Ig88
622.jpg,74XK
623.jpg,iFxu
624.jpg,fCZu
625.jpg,Pbu9
626.jpg,0XWU
627.jpg,Di4X
628.jpg,1ZZW
629.jpg,6KQY
630.jpg,0z2T
631.jpg,6LDh
632.jpg,8XXL
633.jpg,O3AQ
634.jpg,GyGY
635.jpg,YGU9
636.jpg,3J3M
637.jpg,lTlb
638.jpg,lUSj
639.jpg,c1bl
640.jpg,GWXN
641.jpg,Cb9x
642.jpg,iQvb
643.jpg,98HS
644.jpg,CDa1
645.jpg,rjWi
646.jpg,XXPk
647.jpg,XWUF
648.jpg,imCl
649.jpg,7KOp
650.jpg,ll99
651.jpg,CZI9
652.jpg,0YQ1
653.jpg,IhFZ
654.jpg,dYi8
655.jpg,lgXJ
656.jpg,I9K1
657.jpg,o4h6
658.jpg,x6ke
659.jpg,v87b
660.jpg,VCDI
661.jpg,OJGI
662.jpg,XWV6
663.jpg,o5FX
664.jpg,9eSo
665.jpg,P6QR
666.jpg,OlzG
667.jpg,CgIF
668.jpg,X4b8
669.jpg,kOhV
670.jpg,Pu8f
671.jpg,WNZH
672.jpg,CHBP
673.jpg,9gbC
674.jpg,BD2v
675.jpg,zaKc
676.jpg,68DD
677.jpg,3K5W
678.jpg,583C
679.jpg,yWbM
680.jpg,9GBk
681.jpg,16sb
682.jpg,yL3P
683.jpg,jYyZ
684.jpg,hO3E
685.jpg,XV8L
686.jpg,wkvZ
687.jpg,4YJZ
688.jpg,iX83
689.jpg,q6JJ
690.jpg,Nb4l
691.jpg,J2aP
692.jpg,8N4v
693.jpg,gb9n
694.jpg,YbOX
695.jpg,yPRn
696.jpg,7On5
697.jpg,fPRd
698.jpg,Kj3J
699.jpg,ovp3
700.jpg,ilaE
701.jpg,Q99V
702.jpg,ChKy
703.jpg,eVHY
704.jpg,56oN
705.jpg,96P7
706.jpg,97VR
707.jpg,tXGE
708.jpg,SJrV
709.jpg,ZOXr
710.jpg,60w1
711.jpg,hD2b
712.jpg,3wDU
713.jpg,7Dji
714.jpg,DMAA
715.jpg,RYih
716.jpg,uTZO
717.jpg,CYbC
718.jpg,lkii
719.jpg,T8v3
720.jpg,TU0Z
721.jpg,VyGR
722.jpg,5X7C
723.jpg,lVPf
724.jpg,XP98
725.jpg,9L0C
726.jpg,cluN
727.jpg,IZZV
728.jpg,O2X9
729.jpg,GvqR
730.jpg,ZAGU
731.jpg,i0yE
732.jpg,P0Pc
733.jpg,YYQK
734.jpg,QM5Q
735.jpg,Ig4A
736.jpg,QfNE
737.jpg,99P0
738.jpg,bJ9m
739.jpg,XtKi
740.jpg,6CnY
741.jpg,YHAj
742.jpg,sDnX
743.jpg,598h
744.jpg,lS70
745.jpg,XGu2
746.jpg,CrIs
747.jpg,yJPH
748.jpg,x6vZ
749.jpg,106I
750.jpg,5YSo
751.jpg,XaYc
752.jpg,IXXa
753.jpg,C5y2
754.jpg,YXil
755.jpg,eScW
756.jpg,DGvV
757.jpg,X8CC
758.jpg,9P87
759.jpg,UTRm
760.jpg,6n59
761.jpg,J08l
762.jpg,tYY0
763.jpg,CTDb
764.jpg,3XYh
765.jpg,X0oZ
766.jpg,Xsii
767.jpg,0YbU
768.jpg,0bpk
769.jpg,uLWw
770.jpg,eAZk
771.jpg,CO8P
772.jpg,SFxC
773.jpg,NQOe
774.jpg,0xPa
775.jpg,CYsQ
776.jpg,bFXs
777.jpg,4zF7
778.jpg,Ylji
779.jpg,QXXP
780.jpg,Y98j
781.jpg,ZNAs
782.jpg,0CcW
783.jpg,QQX8
784.jpg,X8TD
785.jpg,tUaV
786.jpg,Dk0d
787.jpg,umNa
788.jpg,K6Ve
789.jpg,ZR58
790.jpg,mgg2
791.jpg,VHWu
792.jpg,l5Gz
793.jpg,cZ3e
794.jpg,bOY5
795.jpg,n6N4
796.jpg,J8hj
797.jpg,GCG6
798.jpg,m0IY
799.jpg,Ut6K
800.jpg,BntN
801.jpg,oZXh
802.jpg,JXkh
803.jpg,BAUI
804.jpg,J7uB
805.jpg,7tun
806.jpg,6X9n
807.jpg,6iHS
808.jpg,jcFb
809.jpg,nOkE
810.jpg,liFO
811.jpg,8DrA
812.jpg,IiyG
813.jpg,iIZY
814.jpg,y8G2
815.jpg,il9o
816.jpg,l0iW
817.jpg,Sk39
818.jpg,lPQ9
819.jpg,vc9i
820.jpg,WYND
821.jpg,i69c
822.jpg,fGCQ
823.jpg,q6Is
824.jpg,GQXP
825.jpg,6NXZ
826.jpg,4wPk
827.jpg,YX6Z
828.jpg,sPYM
829.jpg,ywvR
830.jpg,KWLu
831.jpg,78Lb
832.jpg,A6yh
833.jpg,7J7G
834.jpg,JQPX
835.jpg,I7rV
836.jpg,oNJk
837.jpg,tn34
838.jpg,tYY6
839.jpg,nUph
840.jpg,X0UP
841.jpg,fZHX
842.jpg,iL7Y
843.jpg,8XGx
844.jpg,bMXI
845.jpg,G7Kh
846.jpg,PZiI
847.jpg,5fyc
848.jpg,JlEP
849.jpg,4D6D
850.jpg,vUgu
851.jpg,ouVw
852.jpg,lX9F
853.jpg,n0bH
854.jpg,0fNp
855.jpg,6CvX
856.jpg,tlC9
857.jpg,8iZ9
858.jpg,Qugk
859.jpg,YARI
860.jpg,XVXq
861.jpg,lB7I
862.jpg,9k5G
863.jpg,Ie4s
864.jpg,SoDR
865.jpg,rCAZ
866.jpg,dlk6
867.jpg,jDGN
868.jpg,8CZz
869.jpg,BkhS
870.jpg,V34P
871.jpg,X6cp
872.jpg,iSlC
873.jpg,ceYF
874.jpg,8A4J
875.jpg,S8oh
876.jpg,K5lO
877.jpg,IETJ
878.jpg,7hy8
879.jpg,LNZT
880.jpg,F7tv
881.jpg,UG7M
882.jpg,p7ZR
883.jpg,iTh9
884.jpg,VMOF
885.jpg,X8VQ
886.jpg,kb4z
887.jpg,4X8P
888.jpg,Xilc
889.jpg,Ur8b
890.jpg,WWlP
891.jpg,IHoN
892.jpg,I91w
893.jpg,ls9K
894.jpg,c6MJ
895.jpg,Y6bQ
896.jpg,lX69
897.jpg,eNMg
898.jpg,5J1K
899.jpg,jX5h
900.jpg,lx5K
901.jpg,OvjY
902.jpg,5BVa
903.jpg,Ouei
904.jpg,d8XY
905.jpg,ZJTP
906.jpg,Z0rD
907.jpg,nR9r
908.jpg,fy69
909.jpg,oYlK
910.jpg,K4QL
911.jpg,Oq9b
912.jpg,1vEr
913.jpg,l4uF
914.jpg,oPol
915.jpg,Xkj7
916.jpg,T2NX
917.jpg,bk6O
918.jpg,7Ay3
919.jpg,GiPE
920.jpg,ZSEe
921.jpg,DyOF
922.jpg,ZZ8W
923.jpg,e1c1
924.jpg,0Z3e
925.jpg,DXjn
926.jpg,W6XR
927.jpg,Cqn5
928.jpg,oM9h
929.jpg,TIu8
930.jpg,JNIE
931.jpg,l6iK
932.jpg,br5F
933.jpg,9N6Z
934.jpg,mauf
935.jpg,ob7U
936.jpg,8I6Y
937.jpg,1dNn
938.jpg,ZZW7
939.jpg,TXD9
940.jpg,SPK8
941.jpg,1P06
942.jpg,XSUB
943.jpg,ol9i
944.jpg,rQ0Z
945.jpg,FX2e
946.jpg,fKUP
947.jpg,CiJG
948.jpg,oXWc
949.jpg,XFn2
950.jpg,3FYC
951.jpg,sbZv
952.jpg,vHCZ
953.jpg,xcjL
954.jpg,XMVN
955.jpg,lllC
956.jpg,95O8
957.jpg,xoCE
958.jpg,0gVc
959.jpg,BOzB
960.jpg,5NVT
961.jpg,b9tX
962.jpg,WXTD
963.jpg,X2rt
964.jpg,kX57
965.jpg,PnGw
966.jpg,84NT
967.jpg,9fVy
968.jpg,rIyw
969.jpg,wmui
970.jpg,TLYI
971.jpg,CD6M
972.jpg,PJNl
973.jpg,oJKW
974.jpg,9N6D
975.jpg,ZeIZ
976.jpg,itGv
977.jpg,zv9t
978.jpg,7L2b
979.jpg,MX6I
980.jpg,cXJv
981.jpg,IQI9
982.jpg,5BVA
983.jpg,wmDY
984.jpg,1y8v
985.jpg,6YUq
986.jpg,ZwMu
987.jpg,PPPF
988.jpg,zZOL
989.jpg,i3HM
990.jpg,l7OG
991.jpg,kybX
992.jpg,59nh
993.jpg,6JJB
994.jpg,88MS
995.jpg,K8fM
996.jpg,8Y8J
997.jpg,0l8H
998.jpg,9PmY
999.jpg,o4fh
1000.jpg,hCSU
1001.jpg,whwJ
1002.jpg,n6jF
1003.jpg,oryN
1004.jpg,IP9W
1005.jpg,fT4h
1006.jpg,Z0bu
1007.jpg,oANu
1008.jpg,CGNZ
1009.jpg,lnDG
1010.jpg,WYWe
1011.jpg,JA0z
1012.jpg,IP32
1013.jpg,nP21
1014.jpg,iYFK
1015.jpg,WAkN
1016.jpg,0lDA
1017.jpg,DN4r
1018.jpg,n56i
1019.jpg,Zv24
1020.jpg,e89k
1021.jpg,lRYs
1022.jpg,6Mr9
1023.jpg,68bH
1024.jpg,1VOA
1025.jpg,IqnJ
1026.jpg,SjO5
1027.jpg,inkU
1028.jpg,BwD1
1029.jpg,WXhU
1030.jpg,3H8r
1031.jpg,KVP8
1032.jpg,P92X
1033.jpg,UwP9
1034.jpg,K6yD
1035.jpg,6Why
1036.jpg,50I6
1037.jpg,XDiK
1038.jpg,IPyL
1039.jpg,U74X
1040.jpg,IINw
1041.jpg,WC3y
1042.jpg,XCUw
1043.jpg,X8is
1044.jpg,iPtC
1045.jpg,5viV
1046.jpg,Ps0Q
1047.jpg,bv2f
1048.jpg,h6lI
1049.jpg,oEV1
1050.jpg,l961
1051.jpg,yH8I
1052.jpg,BlFC
1053.jpg,l5YW
1054.jpg,lY7P
1055.jpg,OXYu
1056.jpg,5kUj
1057.jpg,i8GN
1058.jpg,XXXS
1059.jpg,u8P0
1060.jpg,I9vn
1061.jpg,o6XT
1062.jpg,55u4
1063.jpg,BuSZ
1064.jpg,7OfQ
1065.jpg,0MZO
1066.jpg,yIC9
1067.jpg,48H5
1068.jpg,VDPf
1069.jpg,Uy9j
1070.jpg,IDGe
1071.jpg,n0sq
1072.jpg,1ELn
1073.jpg,AyXI
1074.jpg,WDce
1075.jpg,iXaP
1076.jpg,OD8X
1077.jpg,bC8b
1078.jpg,7QYj
1079.jpg,fQhP
1080.jpg,I1dG
1081.jpg,PGO1
1082.jpg,9tX8
1083.jpg,POiv
1084.jpg,7vEi
1085.jpg,ByY0
1086.jpg,cac0
1087.jpg,PQQk
1088.jpg,YiXL
1089.jpg,j3VH
1090.jpg,9wjn
1091.jpg,IcCE
1092.jpg,9YOm
1093.jpg,cJDj
1094.jpg,lM5n
1095.jpg,IkbG
1096.jpg,PQ9C
1097.jpg,RM56
1098.jpg,77CC
1099.jpg,l86l
1100.jpg,Uifs
1101.jpg,jfBi
1102.jpg,OGwn
1103.jpg,9iS0
1104.jpg,Uwk2
1105.jpg,e4FM
1106.jpg,Q5VZ
1107.jpg,8C90
1108.jpg,yP8L
1109.jpg,PljZ
1110.jpg,VtIy
1111.jpg,Ukkc
1112.jpg,3JfU
1113.jpg,VZrZ
1114.jpg,Dno2
1115.jpg,irEv
1116.jpg,hT6K
1117.jpg,7SQk
1118.jpg,W2To
1119.jpg,ibaT
1120.jpg,X2nX
1121.jpg,bE8T
1122.jpg,3XJ6
1123.jpg,CoYP
1124.jpg,zZ5E
1125.jpg,IJVj
1126.jpg,klVH
1127.jpg,iX95
1128.jpg,0YuE
1129.jpg,vDnH
1130.jpg,5WYe
1131.jpg,vvuW
1132.jpg,mK01
1133.jpg,QHUS
1134.jpg,PieC
1135.jpg,1ZhI
1136.jpg,n6Rx
1137.jpg,DWLu
1138.jpg,Preb
1139.jpg,hiON
1140.jpg,fawz
1141.jpg,m5X9
1142.jpg,P6PA
1143.jpg,7K2l
1144.jpg,zArC
1145.jpg,I5Lw
1146.jpg,vvg9
1147.jpg,9IDH
1148.jpg,THPt
1149.jpg,tIi5
1150.jpg,8L8b
1151.jpg,CQPr
1152.jpg,I3Ua
1153.jpg,5sZ8
1154.jpg,IVWc
1155.jpg,iRYi
1156.jpg,6O2M
1157.jpg,h7Vh
1158.jpg,njCl
1159.jpg,8DCE
1160.jpg,hXNb
1161.jpg,9Pef
1162.jpg,lAYU
1163.jpg,80Yz
1164.jpg,0e8Q
1165.jpg,iXON
1166.jpg,vwZ2
1167.jpg,Xs70
1168.jpg,SEUJ
1169.jpg,lV0X
1170.jpg,psYT
1171.jpg,lNYI
1172.jpg,0hi6
1173.jpg,ATpI
1174.jpg,3bNQ
1175.jpg,4knZ
1176.jpg,7FyZ
1177.jpg,I0kC
1178.jpg,VOJ2
1179.jpg,UTEX
1180.jpg,oeX0
1181.jpg,UgfT
1182.jpg,yiil
1183.jpg,UwTY
1184.jpg,XtZJ
1185.jpg,oX0T
1186.jpg,G9ii
1187.jpg,DVXn
1188.jpg,7GOT
1189.jpg,9z8V
1190.jpg,kaAN
1191.jpg,lHF3
1192.jpg,yETc
1193.jpg,jbDT
1194.jpg,gtXR
1195.jpg,1rIV
1196.jpg,Jbn1
1197.jpg,7OJD
1198.jpg,7uID
1199.jpg,65w3
1200.jpg,07j0
1201.jpg,k8UC
1202.jpg,PXli
1203.jpg,cvwR
1204.jpg,ij8l
1205.jpg,K3xU
1206.jpg,bNVb
1207.jpg,29hD
1208.jpg,InYi
1209.jpg,18fe
1210.jpg,VSYn
1211.jpg,IqCb
1212.jpg,8Fv8
1213.jpg,S499
1214.jpg,boZf
1215.jpg,3Jgj
1216.jpg,7YLi
1217.jpg,1gXQ
1218.jpg,lvFG
1219.jpg,jtDu
1220.jpg,Bi2N
1221.jpg,I1LB
1222.jpg,ohXi
1223.jpg,5wTy
1224.jpg,UZAU
1225.jpg,1BN7
1226.jpg,4Plb
1227.jpg,Zo7b
1228.jpg,uBYq
1229.jpg,XBV3
1230.jpg,CNNi
1231.jpg,C7XK
1232.jpg,29io
1233.jpg,NA8b
1234.jpg,zXXe
1235.jpg,bjYW
1236.jpg,5AY7
1237.jpg,tWE9
1238.jpg,wsN3
1239.jpg,aXjm
1240.jpg,yPHz
1241.jpg,Y77T
1242.jpg,bIYY
1243.jpg,CPe0
1244.jpg,wmtx
1245.jpg,7UNT
1246.jpg,79iV
1247.jpg,sXYl
1248.jpg,lGib
1249.jpg,2xDN
1250.jpg,X42Y
1251.jpg,SxAl
1252.jpg,s9M1
1253.jpg,VD4A
1254.jpg,vPIa
1255.jpg,oOCC
1256.jpg,9Dup
1257.jpg,76XA
1258.jpg,bQIH
1259.jpg,0TXZ
1260.jpg,BH53
1261.jpg,9vNu
1262.jpg,T6y1
1263.jpg,ImhH
1264.jpg,ITkl
1265.jpg,ZmCO
1266.jpg,PC9O
1267.jpg,X7PY
1268.jpg,u1hZ
1269.jpg,IgIl
1270.jpg,Yk8P
1271.jpg,86Pf
1272.jpg,GDsI
1273.jpg,pQ7u
1274.jpg,uUfK
1275.jpg,wcGX
1276.jpg,XXsF
1277.jpg,vbYT
1278.jpg,nxsu
1279.jpg,ziGZ
1280.jpg,Dgji
1281.jpg,cQJr
1282.jpg,eXS8
1283.jpg,oiRH
1284.jpg,ICQt
1285.jpg,9O3K
1286.jpg,2LwA
1287.jpg,fcYG
1288.jpg,JIX9
1289.jpg,Z5ZW
1290.jpg,AhZS
1291.jpg,WYDA
1292.jpg,jirY
1293.jpg,opqV
1294.jpg,XTWV
1295.jpg,FIGW
1296.jpg,9fLU
1297.jpg,usCK
1298.jpg,DCau
1299.jpg,Kfo3
1300.jpg,YEv9
1301.jpg,I8WK
1302.jpg,Zb6b
1303.jpg,nNFf
1304.jpg,8XZV
1305.jpg,6VT0
1306.jpg,IAqy
1307.jpg,1kPw
1308.jpg,XOgy
1309.jpg,1J96
1310.jpg,FWT8
1311.jpg,1ywT
1312.jpg,FrRS
1313.jpg,JUXK
1314.jpg,XI4e
1315.jpg,9uu2
1316.jpg,V3PN
1317.jpg,xkLQ
1318.jpg,pWGb
1319.jpg,XWcP
1320.jpg,kWvK
1321.jpg,bDbN
1322.jpg,hXYV
1323.jpg,G3E1
1324.jpg,SfGJ
1325.jpg,UrDY
1326.jpg,FMhX
1327.jpg,hCVX
1328.jpg,BYIZ
1329.jpg,o46P
1330.jpg,rIn6
1331.jpg,iwtc
1332.jpg,N9i8
1333.jpg,4V8X
1334.jpg,byTS
1335.jpg,I6NX
1336.jpg,YDZQ
1337.jpg,uS3N
1338.jpg,OYJ0
1339.jpg,oYLX
1340.jpg,W7i6
1341.jpg,0mPO
1342.jpg,GzDC
1343.jpg,UXW9
1344.jpg,PaMb
1345.jpg,iuI6
1346.jpg,IhjM
1347.jpg,v9L5
1348.jpg,nXCU
1349.jpg,XkQb
1350.jpg,bJDQ
1351.jpg,WY9i
1352.jpg,0bc9
1353.jpg,sljC
1354.jpg,Iy5Y
1355.jpg,hSZP
1356.jpg,l0RK
1357.jpg,KAk8
1358.jpg,UU3m
1359.jpg,sXW6
1360.jpg,X3JU
1361.jpg,7bn2
1362.jpg,YZ7C
1363.jpg,CT7P
1364.jpg,JW8c
1365.jpg,sJ9H
1366.jpg,9ZZ6
1367.jpg,K4NX
1368.jpg,XLNX
1369.jpg,XaF9
1370.jpg,VYPP
1371.jpg,ZGqH
1372.jpg,IbXy
1373.jpg,WOS9
1374.jpg,KC62
1375.jpg,CIP3
1376.jpg,tHXX
1377.jpg,o9YV
1378.jpg,7SF8
1379.jpg,fGVY
1380.jpg,isEY
1381.jpg,CP47
1382.jpg,7Y9R
1383.jpg,ofiP
1384.jpg,XxHW
1385.jpg,YMX0
1386.jpg,PgTa
1387.jpg,XlY3
1388.jpg,8LNw
1389.jpg,3TSJ
1390.jpg,IEFZ
1391.jpg,F8XK
1392.jpg,lXSN
1393.jpg,PXQc
1394.jpg,IBli
1395.jpg,8w3F
1396.jpg,oyKg
1397.jpg,569l
1398.jpg,V9Q5
1399.jpg,CIqC
1400.jpg,IkZH
1401.jpg,izvi
1402.jpg,m8OX
1403.jpg,UNVK
1404.jpg,y4Sr
1405.jpg,64JO
1406.jpg,oXc8
1407.jpg,l166
1408.jpg,Vib3
1409.jpg,UPMY
1410.jpg,0b7S
1411.jpg,n9I5
1412.jpg,3vjg
1413.jpg,ltyW
1414.jpg,IOH9
1415.jpg,x6Ub
1416.jpg,CpJL
1417.jpg,JYSF
1418.jpg,PbOf
1419.jpg,5iXv
1420.jpg,vT8D
1421.jpg,kvFM
1422.jpg,B8po
1423.jpg,VPxT
1424.jpg,xyO8
1425.jpg,IXTn
1426.jpg,7LXi
1427.jpg,X9DI
1428.jpg,iJe2
1429.jpg,w4HM
1430.jpg,9Ob0
1431.jpg,oHig
1432.jpg,PZjv
1433.jpg,I6eU
1434.jpg,iwvb
1435.jpg,IZZi
1436.jpg,XkXJ
1437.jpg,x4EM
1438.jpg,mfcM
1439.jpg,xX4E
1440.jpg,C95E
1441.jpg,lZIU
1442.jpg,FXXM
1443.jpg,1G69
1444.jpg,K4Ys
1445.jpg,Syd5
1446.jpg,j67l
1447.jpg,IliB
1448.jpg,lSN6
1449.jpg,9MTx
1450.jpg,io82
1451.jpg,XkHc
1452.jpg,6tZO
1453.jpg,9v7m
1454.jpg,7MbY
1455.jpg,NNX8
1456.jpg,IYQ9
1457.jpg,PZas
1458.jpg,iYgv
1459.jpg,4hVw
1460.jpg,7vjz
1461.jpg,Avv3
1462.jpg,98bE
1463.jpg,oXOa
1464.jpg,IE56
1465.jpg,RDIA
1466.jpg,6Ly6
1467.jpg,qqYl
1468.jpg,iiP2
1469.jpg,XYMQ
1470.jpg,wMjj
1471.jpg,XMAJ
1472.jpg,CiGL
1473.jpg,yvkW
1474.jpg,Y7NJ
1475.jpg,fJaJ
1476.jpg,XWwI
1477.jpg,Z6xE
1478.jpg,9X4K
1479.jpg,lp8X
1480.jpg,DvEF
1481.jpg,monC
1482.jpg,B9DZ
1483.jpg,PURV
1484.jpg,DbjK
1485.jpg,jAHX
1486.jpg,0bYE
1487.jpg,GYht
1488.jpg,QCAa
1489.jpg,CrXQ
1490.jpg,YXzc
1491.jpg,6Xe4
1492.jpg,PXOK
1493.jpg,6WX8
1494.jpg,AQ9l
1495.jpg,XcXa
1496.jpg,QP4X
1497.jpg,CA2U
1498.jpg,ojYe
1499.jpg,35Pa
1500.jpg,ZCXW
1501.jpg,oSLM
1502.jpg,GCP8
1503.jpg,bvOC
1504.jpg,6bPu
1505.jpg,iwti
1506.jpg,XSND
1507.jpg,SD5Y
1508.jpg,kIiA
1509.jpg,9X2l
1510.jpg,XYeb
1511.jpg,nYk6
1512.jpg,JvK9
1513.jpg,4G8o
1514.jpg,i9lh
1515.jpg,XSue
1516.jpg,uAQK
1517.jpg,xCii
1518.jpg,vZZn
1519.jpg,illl
1520.jpg,IFEz
1521.jpg,oYwl
1522.jpg,7i3F
1523.jpg,9WX6
1524.jpg,wDNP
1525.jpg,Pn05
1526.jpg,PXlO
1527.jpg,9Ajz
1528.jpg,SScF
1529.jpg,O5NA
1530.jpg,JjH6
1531.jpg,XHXH
1532.jpg,KP3B
1533.jpg,PGij
1534.jpg,nNlM
1535.jpg,hQ6Y
1536.jpg,PwMG
1537.jpg,G6Ww
1538.jpg,r60t
1539.jpg,BAfA
1540.jpg,CNm1
1541.jpg,sA8i
1542.jpg,GO0l
1543.jpg,7A0y
1544.jpg,qPnw
1545.jpg,hoB4
1546.jpg,elVO
1547.jpg,I3Sv
1548.jpg,Dtaj
1549.jpg,pTls
1550.jpg,fri8
1551.jpg,3CUj
1552.jpg,d0mL
1553.jpg,lJQO
1554.jpg,ApfE
1555.jpg,CVXX
1556.jpg,sVV6
1557.jpg,VYyC
1558.jpg,YWY9
1559.jpg,U6ol
1560.jpg,yLbn
1561.jpg,9yXh
1562.jpg,OZXW
1563.jpg,rYy4
1564.jpg,k6HV
1565.jpg,bYXf
1566.jpg,luDy
1567.jpg,8brT
1568.jpg,MiX8
1569.jpg,llZY
1570.jpg,gcPN
1571.jpg,ZI5P
1572.jpg,kXCD
1573.jpg,X1ON
1574.jpg,cKp5
1575.jpg,ZlaY
1576.jpg,Kc8O
1577.jpg,gl1B
1578.jpg,bC4A
1579.jpg,6YNN
1580.jpg,5UJZ
1581.jpg,lbXD
1582.jpg,PGJ7
1583.jpg,Oh4C
1584.jpg,ltXW
1585.jpg,b8oi
1586.jpg,JrAz
1587.jpg,beOC
1588.jpg,DLG2
1589.jpg,oYX3
1590.jpg,WvQt
1591.jpg,4x6x
1592.jpg,FD8Z
1593.jpg,hGhd
1594.jpg,bX0e
1595.jpg,lYZG
1596.jpg,6xvT
1597.jpg,6VY7
1598.jpg,K9iE
1599.jpg,75DX
1600.jpg,yKXC
1601.jpg,8WZS
1602.jpg,Pf8C
1603.jpg,4SA6
1604.jpg,7Njj
1605.jpg,k8fU
1606.jpg,PXRv
1607.jpg,UCqV
1608.jpg,OfDV
1609.jpg,lNxZ
1610.jpg,cCFj
1611.jpg,oWJX
1612.jpg,zYCl
1613.jpg,IbN6
1614.jpg,rYQI
1615.jpg,ZWIU
1616.jpg,vU6G
1617.jpg,igvl
1618.jpg,mjo6
1619.jpg,XVl9
1620.jpg,0BrP
1621.jpg,S9YZ
1622.jpg,coYY
1623.jpg,8sYI
1624.jpg,B3qU
1625.jpg,ZZi8
1626.jpg,6i9x
1627.jpg,OIYy
1628.jpg,6Un9
1629.jpg,IOPG
1630.jpg,Xhjg
1631.jpg,egF4
1632.jpg,GZNc
1633.jpg,0sIC
1634.jpg,jcgi
1635.jpg,77Yi
1636.jpg,u3Tn
1637.jpg,Diq9
1638.jpg,L9Hc
1639.jpg,8pf5
1640.jpg,0X9M
1641.jpg,J6TV
1642.jpg,UJSI
1643.jpg,f9XL
1644.jpg,DDFU
1645.jpg,QCEX
1646.jpg,ioS5
1647.jpg,oSiP
1648.jpg,9JW6
1649.jpg,AP58
1650.jpg,i3C4
1651.jpg,WKu8
1652.jpg,1Lsv
1653.jpg,G1IK
1654.jpg,G9Hb
1655.jpg,IJ4r
1656.jpg,INAj
1657.jpg,5Iv7
1658.jpg,iCsD
1659.jpg,arDe
1660.jpg,fCnR
1661.jpg,OYC2
1662.jpg,x8Y2
1663.jpg,VOr7
1664.jpg,CDAW
1665.jpg,8hcL
1666.jpg,IXkJ
1667.jpg,XoAJ
1668.jpg,h82Z
1669.jpg,KXTW
1670.jpg,V4yF
1671.jpg,6HVr
1672.jpg,BJ9q
1673.jpg,prFk
1674.jpg,IzK2
1675.jpg,OXxV
1676.jpg,IKJ5
1677.jpg,grXO
1678.jpg,C9Zy
1679.jpg,c0Ly
1680.jpg,6unG
1681.jpg,ODzO
1682.jpg,VX3X
1683.jpg,w4iA
1684.jpg,7XNl
1685.jpg,7Dfe
1686.jpg,0lSX
1687.jpg,gauH
1688.jpg,j58O
1689.jpg,ZauQ
1690.jpg,lJit
1691.jpg,ojhS
1692.jpg,Zbrk
1693.jpg,8bD1
1694.jpg,maXv
1695.jpg,lYzP
1696.jpg,Rkvw
1697.jpg,F4iz
1698.jpg,Y89b
1699.jpg,JTXi
1700.jpg,n68F
1701.jpg,7PGP
1702.jpg,6XFi
1703.jpg,ib9r
1704.jpg,PMzO
1705.jpg,ehf9
1706.jpg,b0bI
1707.jpg,OxJP
1708.jpg,XPWI
1709.jpg,2QJt
1710.jpg,IIQ2
1711.jpg,Z7YS
1712.jpg,5UkU
1713.jpg,cXA0
1714.jpg,CtX6
1715.jpg,IB0D
1716.jpg,1Gb7
1717.jpg,sI2j
1718.jpg,LP0v
1719.jpg,Gf8U
1720.jpg,5DNF
1721.jpg,SbjY
1722.jpg,6DhA
1723.jpg,5c00
1724.jpg,6o78
1725.jpg,zf7P
1726.jpg,6AyK
1727.jpg,cUP8
1728.jpg,uNvB
1729.jpg,hXyU
1730.jpg,lUFU
1731.jpg,UiiZ
1732.jpg,wZ7n
1733.jpg,lP8b
1734.jpg,9nt9
1735.jpg,DYXl
1736.jpg,lhOX
1737.jpg,iV9C
1738.jpg,PIZn
1739.jpg,X9Ct
1740.jpg,P7Gc
1741.jpg,igVw
1742.jpg,lA0M
1743.jpg,fRFC
1744.jpg,CW0a
1745.jpg,plXA
1746.jpg,I9cy
1747.jpg,0EXN
1748.jpg,i7FC
1749.jpg,0GT8
1750.jpg,ve18
1751.jpg,B8Fj
1752.jpg,JLFu
1753.jpg,1XNo
1754.jpg,vDuu
1755.jpg,Okrl
1756.jpg,W8vx
1757.jpg,V1xW
1758.jpg,iD58
1759.jpg,uBhY
1760.jpg,i0IW
1761.jpg,SzIL
1762.jpg,nHWD
1763.jpg,Dc8I
1764.jpg,SAYJ
1765.jpg,yea9
1766.jpg,1Pis
1767.jpg,RXjv
1768.jpg,i8It
1769.jpg,8NXD
1770.jpg,s5Di
1771.jpg,l2vJ
1772.jpg,X7z4
1773.jpg,u5b7
1774.jpg,5lNv
1775.jpg,VylL
1776.jpg,IvVb
1777.jpg,ILQl
1778.jpg,w7TH
1779.jpg,8j4O
1780.jpg,h16Q
1781.jpg,U80f
1782.jpg,3HYu
1783.jpg,ZGro
1784.jpg,js6r
1785.jpg,l88v
1786.jpg,oX98
1787.jpg,INUW
1788.jpg,dP8R
1789.jpg,Selh
1790.jpg,ZQiT
1791.jpg,oYD7
1792.jpg,o3X7
1793.jpg,Q8o1
1794.jpg,jLiE
1795.jpg,PRFs
1796.jpg,7iHi
1797.jpg,v0Pf
1798.jpg,fekN
1799.jpg,7Y4b
1800.jpg,oyGS
1801.jpg,yo7j
1802.jpg,wbph
1803.jpg,y938
1804.jpg,nvEt
1805.jpg,w8Zo
1806.jpg,9YOC
1807.jpg,hvjU
1808.jpg,R5kX
1809.jpg,YdAD
1810.jpg,Pswb
1811.jpg,0Nux
1812.jpg,mmHW
1813.jpg,169g
1814.jpg,5ZYQ
1815.jpg,jQ6K
1816.jpg,BOh9
1817.jpg,WbkC
1818.jpg,ZPfx
1819.jpg,okxi
1820.jpg,foWQ
1821.jpg,6NrA
1822.jpg,7YiR
1823.jpg,t9tz
1824.jpg,CDy7
1825.jpg,N8In
1826.jpg,5WYD
1827.jpg,oMyO
1828.jpg,7N8D
1829.jpg,IHr8
1830.jpg,j9zi
1831.jpg,tXPh
1832.jpg,oylC
1833.jpg,iolV
1834.jpg,7OYe
1835.jpg,lOAX
1836.jpg,w6bY
1837.jpg,6eNl
1838.jpg,ODWi
1839.jpg,8bEJ
1840.jpg,bkvl
1841.jpg,PMnh
1842.jpg,IL77
1843.jpg,wYD3
1844.jpg,nwwb
1845.jpg,mXQN
1846.jpg,AZj8
1847.jpg,oRXD
1848.jpg,8Ep5
1849.jpg,XZ69
1850.jpg,4Mts
1851.jpg,1ghu
1852.jpg,lgiT
1853.jpg,xQPb
1854.jpg,CiMk
1855.jpg,WMqy
1856.jpg,su87
1857.jpg,3g0u
1858.jpg,kYLD
1859.jpg,V15F
1860.jpg,YgN9
1861.jpg,g2Qq
1862.jpg,X4PU
1863.jpg,I64A
1864.jpg,bmho
1865.jpg,jqWr
1866.jpg,lo6K
1867.jpg,i16A
1868.jpg,PYYI
1869.jpg,G0HY
1870.jpg,iI0E
1871.jpg,7Zi6
1872.jpg,hw9R
1873.jpg,wXne
1874.jpg,iiNu
1875.jpg,iwbW
1876.jpg,7D4C
1877.jpg,IeSD
1878.jpg,JWD0
1879.jpg,nH6b
1880.jpg,gj3R
1881.jpg,BZXc
1882.jpg,7m0b
1883.jpg,yyyi
1884.jpg,8DNW
1885.jpg,Z5L8
1886.jpg,70N5
1887.jpg,09bj
1888.jpg,ACaJ
1889.jpg,v8rV
1890.jpg,wyGX
1891.jpg,Iks5
1892.jpg,KAPb
1893.jpg,WkPG
1894.jpg,ZRPF
1895.jpg,5D58
1896.jpg,I2ii
1897.jpg,bLQ9
1898.jpg,6W8J
1899.jpg,P8R3
1900.jpg,69NU
1901.jpg,Jy2Y
1902.jpg,hexY
1903.jpg,D7XY
1904.jpg,Xjb6
1905.jpg,AYwE
1906.jpg,iX2y
1907.jpg,UKP4
1908.jpg,DYNJ
1909.jpg,PeXE
1910.jpg,D056
1911.jpg,7SFZ
1912.jpg,PM6V
1913.jpg,lil5
1914.jpg,9NDi
1915.jpg,lC5X
1916.jpg,cIq4
1917.jpg,v4Ya
1918.jpg,5YDC
1919.jpg,4v5P
1920.jpg,OvH9
1921.jpg,VD8b
1922.jpg,iWA8
1923.jpg,yTU1
1924.jpg,hZMf
1925.jpg,DFgN
1926.jpg,k5th
1927.jpg,kJxG
1928.jpg,vPwH
1929.jpg,lWDY
1930.jpg,X35j
1931.jpg,l6X9
1932.jpg,UTft
1933.jpg,KXD3
1934.jpg,IkYw
1935.jpg,IDsc
1936.jpg,X0Lm
1937.jpg,cYiF
1938.jpg,k4kX
1939.jpg,iX98
1940.jpg,G3uv
1941.jpg,8Ah6
1942.jpg,oohV
1943.jpg,V4wG
1944.jpg,71dK
1945.jpg,IMPR
1946.jpg,QeL7
1947.jpg,xZPM
1948.jpg,I1XN
1949.jpg,bigJ
1950.jpg,sRkE
1951.jpg,TFYe
1952.jpg,IXJx
1953.jpg,YyLQ
1954.jpg,HO8j
1955.jpg,l2nJ
1956.jpg,eivP
1957.jpg,C64D
1958.jpg,CLLO
1959.jpg,DQiV
1960.jpg,5HSb
1961.jpg,DiuK
1962.jpg,2wov
1963.jpg,l8Yb
1964.jpg,YZbC
1965.jpg,9PJN
1966.jpg,3yUJ
1967.jpg,9XVd
1968.jpg,D0fh
1969.jpg,ifss
1970.jpg,loRL
1971.jpg,yr7H
1972.jpg,bmWl
1973.jpg,vD6n
1974.jpg,8ca4
1975.jpg,CXlr
1976.jpg,sgyy
1977.jpg,dSvG
1978.jpg,Vmuv
1979.jpg,JIi0
1980.jpg,PNuU
1981.jpg,4Xoh
1982.jpg,XsC9
1983.jpg,Wskz
1984.jpg,CXND
1985.jpg,JyLX
1986.jpg,793G
1987.jpg,kQlF
1988.jpg,XcCW
1989.jpg,bMUo
1990.jpg,lP4U
1991.jpg,DXNv
1992.jpg,Imcy
1993.jpg,87UQ
1994.jpg,KZCL
1995.jpg,KDL8
1996.jpg,SUNS
1997.jpg,pPAJ
1998.jpg,628m
1999.jpg,PFQA
2000.jpg,sDEW
2001.jpg,ygW3
2002.jpg,ZNTG
2003.jpg,KjAN
2004.jpg,ni2L
2005.jpg,5YOv
2006.jpg,UAJG
2007.jpg,Xfbb
2008.jpg,oULO
2009.jpg,ZX5k
2010.jpg,iATI
2011.jpg,Ph5R
2012.jpg,qC2o
2013.jpg,FIwh
2014.jpg,bi0E
2015.jpg,aixH
2016.jpg,1s7G
2017.jpg,vSp1
2018.jpg,ZXLw
2019.jpg,OXNa
2020.jpg,7908
2021.jpg,GLrG
2022.jpg,BYE4
2023.jpg,P8ix
2024.jpg,TGRo
2025.jpg,5FN9
2026.jpg,Fi0Y
2027.jpg,FhYs
2028.jpg,8PIh
2029.jpg,6i6I
2030.jpg,fHjp
2031.jpg,83S4
2032.jpg,6ElX
2033.jpg,OtaL
2034.jpg,1iY3
2035.jpg,vGlV
2036.jpg,XO6G
2037.jpg,JiPn
2038.jpg,073I
2039.jpg,s6Cs
2040.jpg,bkF5
2041.jpg,isT7
2042.jpg,dJcg
2043.jpg,7inF
2044.jpg,lW5C
2045.jpg,iiZ3
2046.jpg,KDDQ
2047.jpg,T90u
2048.jpg,ieI8
2049.jpg,c8UD
2050.jpg,g3yg
2051.jpg,8b0J
2052.jpg,IDWY
2053.jpg,i893
2054.jpg,PhSb
2055.jpg,IG5M
2056.jpg,7TE8
2057.jpg,IBYg
2058.jpg,XyJl
2059.jpg,uifH
2060.jpg,8i8s
2061.jpg,8r8J
2062.jpg,9av5
2063.jpg,9PWG
2064.jpg,o7Eb
2065.jpg,8RME
2066.jpg,spTy
2067.jpg,yZrX
2068.jpg,9XTj
2069.jpg,POPI
2070.jpg,bxib
2071.jpg,6WWr
2072.jpg,XP0s
2073.jpg,i5PN
2074.jpg,IMak
2075.jpg,QZX6
2076.jpg,fTYK
2077.jpg,VDAC
2078.jpg,U3YC
2079.jpg,9mO2
2080.jpg,5Chp
2081.jpg,QWNR
2082.jpg,5WQM
2083.jpg,uDji
2084.jpg,OPG0
2085.jpg,cvVq
2086.jpg,04oj
2087.jpg,l5Hp
2088.jpg,PXjP
2089.jpg,cEt6
2090.jpg,X8t4
2091.jpg,800Q
2092.jpg,GsEj
2093.jpg,yPPP
2094.jpg,5HIM
2095.jpg,ND0o
2096.jpg,P80t
2097.jpg,BrRP
2098.jpg,Il8i
2099.jpg,15Hk
2100.jpg,C7Ai
2101.jpg,t5O9
2102.jpg,7DTi
2103.jpg,illX
2104.jpg,ld8A
2105.jpg,Zu5D
2106.jpg,GiYh
2107.jpg,lWcO
2108.jpg,wb8K
2109.jpg,VcCL
2110.jpg,6ykQ
2111.jpg,KYC9
2112.jpg,WbVb
2113.jpg,WNIu
2114.jpg,7PXk
2115.jpg,QAKQ
2116.jpg,wSY5
2117.jpg,TIa6
2118.jpg,illi
2119.jpg,9UIJ
2120.jpg,Y6PF
2121.jpg,Y9VI
2122.jpg,s58h
2123.jpg,iXE2
2124.jpg,9QIn
2125.jpg,XjPF
2126.jpg,9aPY
2127.jpg,KNii
2128.jpg,YDnW
2129.jpg,ZlXz
2130.jpg,UBob
2131.jpg,PBDK
2132.jpg,XJg5
2133.jpg,l0uQ
2134.jpg,YQPJ
2135.jpg,Phlt
2136.jpg,l7O8
2137.jpg,8H93
2138.jpg,6hOW
2139.jpg,5OcS
2140.jpg,6hF9
2141.jpg,VN6Z
2142.jpg,DoNi
2143.jpg,76GW
2144.jpg,iCs4
2145.jpg,oURC
2146.jpg,VOC8
2147.jpg,lp2c
2148.jpg,4TTw
2149.jpg,XZtb
2150.jpg,hbSb
2151.jpg,blXj
2152.jpg,hyQK
2153.jpg,5TXN
2154.jpg,7swc
2155.jpg,J6ZW
2156.jpg,lEtV
2157.jpg,73Yb
2158.jpg,xbQZ
2159.jpg,PXbk
2160.jpg,Gl8s
2161.jpg,7f7r
2162.jpg,wYza
2163.jpg,ky4Q
2164.jpg,lXQ2
2165.jpg,DNhX
2166.jpg,V0vQ
2167.jpg,YMQ8
2168.jpg,r3no
2169.jpg,mGFn
2170.jpg,rQe5
2171.jpg,mbLa
2172.jpg,7HhS
2173.jpg,l5YC
2174.jpg,378i
2175.jpg,8LXP
2176.jpg,noI3
2177.jpg,YtA2
2178.jpg,s86i
2179.jpg,XX47
2180.jpg,cXCc
2181.jpg,ZhWk
2182.jpg,9GDE
2183.jpg,k0jW
2184.jpg,yX6v
2185.jpg,34LC
2186.jpg,lyk1
2187.jpg,Otw8
2188.jpg,zMQh
2189.jpg,7vfi
2190.jpg,Xxil
2191.jpg,9DPL
2192.jpg,P1SA
2193.jpg,h6oj
2194.jpg,l8R8
2195.jpg,2O3v
2196.jpg,Jru7
2197.jpg,YvoD
2198.jpg,79RH
2199.jpg,iDZP
2200.jpg,PhNg
2201.jpg,upcC
2202.jpg,nXQy
2203.jpg,l908
2204.jpg,zbR9
2205.jpg,OX1y
2206.jpg,XyHK
2207.jpg,8ZKD
2208.jpg,C8Ou
2209.jpg,rB5a
2210.jpg,DZh9
2211.jpg,8b7k
2212.jpg,XCgR
2213.jpg,DiAU
2214.jpg,l4Vf
2215.jpg,DYjP
2216.jpg,RXvV
2217.jpg,9uyP
2218.jpg,bZFk
2219.jpg,C6Ot
2220.jpg,hNBC
2221.jpg,sPWY
2222.jpg,9XYO
2223.jpg,wxb8
2224.jpg,80r0
2225.jpg,3lAP
2226.jpg,qe7u
2227.jpg,obbC
2228.jpg,X4TM
2229.jpg,DG62
2230.jpg,IIST
2231.jpg,XFC7
2232.jpg,0brA
2233.jpg,IXPf
2234.jpg,6gXX
2235.jpg,58OD
2236.jpg,b2Ub
2237.jpg,QCPy
2238.jpg,uNhK
2239.jpg,oOXf
2240.jpg,C5kZ
2241.jpg,6i0L
2242.jpg,YLio
2243.jpg,3XJD
2244.jpg,b3Pi
2245.jpg,9ykP
2246.jpg,lVC7
2247.jpg,jeHz
2248.jpg,XMUP
2249.jpg,iSC6
2250.jpg,Wdtc
2251.jpg,0kb8
2252.jpg,lTSZ
2253.jpg,99KS
2254.jpg,5ZED
2255.jpg,T08o
2256.jpg,JZ95
2257.jpg,03t1
2258.jpg,1W9K
2259.jpg,FSTX
2260.jpg,8XGE
2261.jpg,YtOS
2262.jpg,Mr8C
2263.jpg,Ivkk
2264.jpg,ZA3C
2265.jpg,CLaF
2266.jpg,69CA
2267.jpg,zezP
2268.jpg,2PwW
2269.jpg,iUg9
2270.jpg,pKpV
2271.jpg,FThP
2272.jpg,iUKL
2273.jpg,BYCV
2274.jpg,XiX6
2275.jpg,X0f0
2276.jpg,zvC9
2277.jpg,D7RZ
2278.jpg,JgIo
2279.jpg,SNTu
2280.jpg,T9WB
2281.jpg,l3bD
2282.jpg,ln91
2283.jpg,3liR
2284.jpg,Z45P
2285.jpg,ZVFV
2286.jpg,UjxC
2287.jpg,0CPY
2288.jpg,bNVb
2289.jpg,NFru
2290.jpg,Yb88
2291.jpg,89l2
2292.jpg,o8Dy
2293.jpg,8PsC
2294.jpg,DzIr
2295.jpg,W0kf
2296.jpg,oDnK
2297.jpg,D7q8
2298.jpg,XrfA
2299.jpg,tXI3
2300.jpg,7pNA
2301.jpg,C7NZ
2302.jpg,P5CH
2303.jpg,RX0x
2304.jpg,ZHZV
2305.jpg,jO1p
2306.jpg,D428
2307.jpg,aKaS
2308.jpg,9Dub
2309.jpg,0CFi
2310.jpg,RgfP
2311.jpg,D90x
2312.jpg,6XVY
2313.jpg,BmU6
2314.jpg,o8ry
2315.jpg,S6XF
2316.jpg,XCKC
2317.jpg,G61w
2318.jpg,6i8M
2319.jpg,IJoE
2320.jpg,xKCQ
2321.jpg,RDXj
2322.jpg,Im7S
2323.jpg,CpCb
2324.jpg,jrwP
2325.jpg,ViLi
2326.jpg,kO4i
2327.jpg,ZfIl
2328.jpg,V8UF
2329.jpg,okl3
2330.jpg,6sHs
2331.jpg,3ZCq
2332.jpg,8jli
2333.jpg,o5vU
2334.jpg,sDRw
2335.jpg,BuVb
2336.jpg,jlKG
2337.jpg,Qtih
2338.jpg,SCCb
2339.jpg,bCTD
2340.jpg,jXOK
2341.jpg,8e8h
2342.jpg,n9Wh
2343.jpg,fniW
2344.jpg,oQr2
2345.jpg,0OkI
2346.jpg,lTVy
2347.jpg,nOvM
2348.jpg,CsUv
2349.jpg,cglh
2350.jpg,byhA
2351.jpg,XLMY
2352.jpg,IOiJ
2353.jpg,X81p
2354.jpg,MkDx
2355.jpg,0NXu
2356.jpg,NYHu
2357.jpg,Ttni
2358.jpg,7Sun
2359.jpg,b384
2360.jpg,mwU6
2361.jpg,hIwG
2362.jpg,iMb8
2363.jpg,95Jb
2364.jpg,iTZj
2365.jpg,IOAZ
2366.jpg,X37k
2367.jpg,llov
2368.jpg,9w9i
2369.jpg,bPcM
2370.jpg,l7nC
2371.jpg,l5A1
2372.jpg,IHiK
2373.jpg,nQU4
2374.jpg,V7XK
2375.jpg,xk5Y
2376.jpg,ZPzu
2377.jpg,flc6
2378.jpg,OXh9
2379.jpg,hWFC
2380.jpg,97yW
2381.jpg,lMkZ
2382.jpg,oF57
2383.jpg,9Xuy
2384.jpg,S9WT
2385.jpg,W8N7
2386.jpg,IsHv
2387.jpg,SPAW
2388.jpg,DlsY
2389.jpg,6GY1
2390.jpg,YoiK
2391.jpg,O3bn
2392.jpg,ZPFV
2393.jpg,6NWI
2394.jpg,PljN
2395.jpg,Y6vu
2396.jpg,DHgA
2397.jpg,Rh29
2398.jpg,hjPH
2399.jpg,AS8J
2400.jpg,JM22
2401.jpg,2egC
2402.jpg,1HTQ
2403.jpg,zZIZ
2404.jpg,BrtZ
2405.jpg,3WD4
2406.jpg,09Ih
2407.jpg,vcIX
2408.jpg,obg4
2409.jpg,XyVK
2410.jpg,6Zfw
2411.jpg,DAec
2412.jpg,8gAP
2413.jpg,zDrE
2414.jpg,9z81
2415.jpg,U5uE
2416.jpg,7Mhu
2417.jpg,PStj
2418.jpg,5WIa
2419.jpg,SJAQ
2420.jpg,6olC
2421.jpg,Xb8h
2422.jpg,fWTV
2423.jpg,b6Z2
2424.jpg,c6WU
2425.jpg,y5f5
2426.jpg,h9is
2427.jpg,D8X9
2428.jpg,YA3W
2429.jpg,efZ6
2430.jpg,y39N
2431.jpg,Y6yY
2432.jpg,1wjv
2433.jpg,WYx8
2434.jpg,lGOk
2435.jpg,Zn4a
2436.jpg,1rfD
2437.jpg,8YCR
2438.jpg,7EKa
2439.jpg,vlYs
2440.jpg,Ok4Q
2441.jpg,XZiL
2442.jpg,hyva
2443.jpg,8lXl
2444.jpg,ivV5
2445.jpg,SQAh
2446.jpg,X4P0
2447.jpg,4Xic
2448.jpg,XZ36
2449.jpg,DD6Z
2450.jpg,cJPE
2451.jpg,8PUX
2452.jpg,IPje
2453.jpg,SD4y
2454.jpg,6aaw
2455.jpg,ooxH
2456.jpg,Y8iD
2457.jpg,57ZV
2458.jpg,GvmC
2459.jpg,3f4y
2460.jpg,ii54
2461.jpg,bWYV
2462.jpg,6b9M
2463.jpg,9ezW
2464.jpg,iMQ0
2465.jpg,vPvu
2466.jpg,AEY7
2467.jpg,OZeP
2468.jpg,9XPV
2469.jpg,Q55L
2470.jpg,vy3y
2471.jpg,TXFJ
2472.jpg,7X04
2473.jpg,KDN8
2474.jpg,72VY
2475.jpg,A94H
2476.jpg,WYZX
2477.jpg,WDnY
2478.jpg,WgGh
2479.jpg,Cz89
2480.jpg,SCOM
2481.jpg,OoyZ
2482.jpg,7LYk
2483.jpg,VjCz
2484.jpg,IQkn
2485.jpg,jLF8
2486.jpg,fxN7
2487.jpg,iE8z
2488.jpg,I2AG
2489.jpg,N0QE
2490.jpg,cOft
2491.jpg,lLig
2492.jpg,ntHY
2493.jpg,6YC4
2494.jpg,XKtb
2495.jpg,Tl1I
2496.jpg,IIYN
2497.jpg,lQvt
2498.jpg,GrGP
2499.jpg,a2ib
2500.jpg,XOwK
2501.jpg,llvY
2502.jpg,9uYO
2503.jpg,IOEP
2504.jpg,8fiX
2505.jpg,PXDH
2506.jpg,vr8Q
2507.jpg,CZ87
2508.jpg,9ijF
2509.jpg,lIae
2510.jpg,wY5e
2511.jpg,BwIf
2512.jpg,YrhY
2513.jpg,fhcj
2514.jpg,0o9M
2515.jpg,CAZK
2516.jpg,iDl7
2517.jpg,YMxE
2518.jpg,A5i0
2519.jpg,oo6n
2520.jpg,7c8l
2521.jpg,tiUh
2522.jpg,XULi
2523.jpg,ijXa
2524.jpg,Y9WY
2525.jpg,Z33n
2526.jpg,o83g
2527.jpg,nvXi
2528.jpg,pc7X
2529.jpg,oty0
2530.jpg,t8PE
2531.jpg,s7iV
2532.jpg,c3IT
2533.jpg,iy36
2534.jpg,KW57
2535.jpg,inl7
2536.jpg,v3h9
2537.jpg,UPN1
2538.jpg,eTew
2539.jpg,tZE7
2540.jpg,KVYi
2541.jpg,kOs3
2542.jpg,iIZQ
2543.jpg,IZ63
2544.jpg,FU8i
2545.jpg,W9zv
2546.jpg,X7ez
2547.jpg,XYfe
2548.jpg,i9Xh
2549.jpg,YvQF
2550.jpg,nQw4
2551.jpg,IN7O
2552.jpg,i8k4
2553.jpg,O9xN
2554.jpg,jO9A
2555.jpg,oecp
2556.jpg,7Lkf
2557.jpg,Pl1Q
2558.jpg,rjFV
2559.jpg,i99D
2560.jpg,vWGf
2561.jpg,CqOG
2562.jpg,oDte
2563.jpg,79yB
2564.jpg,X8JX
2565.jpg,lWu5
2566.jpg,Gtri
2567.jpg,ilTl
2568.jpg,9mAi
2569.jpg,uPHA
2570.jpg,faPv
2571.jpg,iisi
2572.jpg,9kU7
2573.jpg,R3JY
2574.jpg,Whw9
2575.jpg,PzbI
2576.jpg,iNDF
2577.jpg,X0AN
2578.jpg,w6kE
2579.jpg,1uu9
2580.jpg,I8fQ
2581.jpg,IlXw
2582.jpg,XXTQ
2583.jpg,i1iC
2584.jpg,PK5N
2585.jpg,9hjw
2586.jpg,P0jM
2587.jpg,QLwc
2588.jpg,5XCH
2589.jpg,Ay7U
2590.jpg,v3S0
2591.jpg,uNPI
2592.jpg,0a3y
2593.jpg,KDfH
2594.jpg,827j
2595.jpg,bY2o
2596.jpg,l2i9
2597.jpg,iI0K
2598.jpg,I8IF
2599.jpg,Sov7
2600.jpg,QEPm
2601.jpg,g8fR
2602.jpg,Ab5D
2603.jpg,kXMl
2604.jpg,X77h
2605.jpg,h9l6
2606.jpg,0Ri5
2607.jpg,Ihbj
2608.jpg,5755
2609.jpg,lXOi
2610.jpg,BLN5
2611.jpg,PZjj
2612.jpg,XVOJ
2613.jpg,X2cb
2614.jpg,I93R
2615.jpg,iZTY
2616.jpg,IiHv
2617.jpg,zbJO
2618.jpg,PyTE
2619.jpg,wgf8
2620.jpg,0l5E
2621.jpg,yhkl
2622.jpg,6yND
2623.jpg,i8hU
2624.jpg,6DLZ
2625.jpg,WfXM
2626.jpg,sCGn
2627.jpg,CoCg
2628.jpg,liNi
2629.jpg,OZ08
2630.jpg,8IIb
2631.jpg,0ih9
2632.jpg,Zkb1
2633.jpg,iJC7
2634.jpg,CfKP
2635.jpg,vKbK
2636.jpg,UwuN
2637.jpg,VPQS
2638.jpg,8ovi
2639.jpg,lWXR
2640.jpg,lAFf
2641.jpg,8tLG
2642.jpg,s59L
2643.jpg,6apt
2644.jpg,VZA4
2645.jpg,P9SP
2646.jpg,usDN
2647.jpg,GXT5
2648.jpg,v58W
2649.jpg,lsD5
2650.jpg,6tMS
2651.jpg,DNEJ
2652.jpg,fGAL
2653.jpg,XFIP
2654.jpg,wu1C
2655.jpg,9ylf
2656.jpg,3Cw0
2657.jpg,aGXw
2658.jpg,3KWl
2659.jpg,sMTT
2660.jpg,Ykka
2661.jpg,DQy6
2662.jpg,Xt0Y
2663.jpg,i8b9
2664.jpg,J8cf
2665.jpg,f26D
2666.jpg,7D68
2667.jpg,0SzJ
2668.jpg,lN9k
2669.jpg,78pR
2670.jpg,SP8o
2671.jpg,iHYy
2672.jpg,j9l2
2673.jpg,7niS
2674.jpg,U3PJ
2675.jpg,GPJW
2676.jpg,vO29
2677.jpg,9lWf
2678.jpg,y5XS
2679.jpg,P9Wz
2680.jpg,sk3c
2681.jpg,Y2yi
2682.jpg,YXg8
2683.jpg,V1tZ
2684.jpg,lHbi
2685.jpg,bXgK
2686.jpg,VrZ0
2687.jpg,SBub
2688.jpg,lYPy
2689.jpg,WMCS
2690.jpg,yieU
2691.jpg,3dIZ
2692.jpg,z3Zh
2693.jpg,2veF
2694.jpg,gT29
2695.jpg,FkUo
2696.jpg,b8in
2697.jpg,kXTi
2698.jpg,zHfn
2699.jpg,iIli
2700.jpg,yHC9
2701.jpg,B4aP
2702.jpg,96XW
2703.jpg,iZUW
2704.jpg,KDbE
2705.jpg,Obbc
2706.jpg,kkiO
2707.jpg,lZPX
2708.jpg,a3Ct
2709.jpg,DZXI
2710.jpg,WY5l
2711.jpg,Jenb
2712.jpg,PQrD
2713.jpg,l577
2714.jpg,VXXY
2715.jpg,MZV1
2716.jpg,9AYx
2717.jpg,XOEk
2718.jpg,ljsX
2719.jpg,PQCx
2720.jpg,IUX2
2721.jpg,eKxh
2722.jpg,ij3r
2723.jpg,lDFX
2724.jpg,xVWQ
2725.jpg,lUbl
2726.jpg,4VNI
2727.jpg,YO9H
2728.jpg,bq4k
2729.jpg,CorI
2730.jpg,cIJ9
2731.jpg,PQZG
2732.jpg,YYDc
2733.jpg,a2Yg
2734.jpg,mzIS
2735.jpg,sgOU
2736.jpg,li6X
2737.jpg,0kH1
2738.jpg,XQVc
2739.jpg,P9Xu
2740.jpg,6ZXk
2741.jpg,YCIK
2742.jpg,Z9or
2743.jpg,6EaO
2744.jpg,1GZy
2745.jpg,vOD4
2746.jpg,9PbG
2747.jpg,0XDL
2748.jpg,mfRE
2749.jpg,onX6
2750.jpg,bOb6
2751.jpg,QR8y
2752.jpg,Sy6P
2753.jpg,DXrh
2754.jpg,MXca
2755.jpg,47HW
2756.jpg,ZFX7
2757.jpg,wD6y
2758.jpg,lh39
2759.jpg,v6aN
2760.jpg,Pb99
2761.jpg,cVu7
2762.jpg,vHSn
2763.jpg,5OIL
2764.jpg,75eU
2765.jpg,yCy5
2766.jpg,DnEO
2767.jpg,j4XV
2768.jpg,9sSN
2769.jpg,XLis
2770.jpg,56vj
2771.jpg,n48I
2772.jpg,y4bF
2773.jpg,hNch
2774.jpg,rMi8
2775.jpg,160U
2776.jpg,IMI1
2777.jpg,3VRM
2778.jpg,CiS8
2779.jpg,wvX1
2780.jpg,J7xC
2781.jpg,JtdM
2782.jpg,RwVs
2783.jpg,fPsU
2784.jpg,hnrY
2785.jpg,Inpp
2786.jpg,3JCe
2787.jpg,CYZX
2788.jpg,KW89
2789.jpg,WP7T
2790.jpg,lVNL
2791.jpg,62vM
2792.jpg,3O7r
2793.jpg,ZOUY
2794.jpg,3c2i
2795.jpg,yIhk
2796.jpg,I69r
2797.jpg,J06J
2798.jpg,f5PG
2799.jpg,Xjrb
2800.jpg,yZ68
2801.jpg,7skc
2802.jpg,wJ68
2803.jpg,lWYN
2804.jpg,95Kl
2805.jpg,XG6O
2806.jpg,3OD8
2807.jpg,Q9Ma
2808.jpg,PJhT
2809.jpg,0h09
2810.jpg,P2h7
2811.jpg,y6WK
2812.jpg,JAJn
2813.jpg,lE86
2814.jpg,YV0H
2815.jpg,S0UE
2816.jpg,lQ6O
2817.jpg,nRvI
2818.jpg,8yr0
2819.jpg,ISfK
2820.jpg,08Xv
2821.jpg,8iv6
2822.jpg,nc0w
2823.jpg,jI5w
2824.jpg,MXV3
2825.jpg,biJC
2826.jpg,5DXy
2827.jpg,l6hM
2828.jpg,mYNH
2829.jpg,l6xE
2830.jpg,wsFo
2831.jpg,ez3M
2832.jpg,tPQS
2833.jpg,iGUf
2834.jpg,6XNh
2835.jpg,5zvL
2836.jpg,IXJb
2837.jpg,IzN9
2838.jpg,t8VZ
2839.jpg,FPoQ
2840.jpg,y9zc
2841.jpg,CFS0
2842.jpg,0Yi3
2843.jpg,zMJC
2844.jpg,9bLw
2845.jpg,D3Vc
2846.jpg,X828
2847.jpg,lNBr
2848.jpg,e2rs
2849.jpg,8l5w
2850.jpg,CC60
2851.jpg,6BVX
2852.jpg,ookH
2853.jpg,UJVY
2854.jpg,BvMH
2855.jpg,Ib8x
2856.jpg,1Ai3
2857.jpg,DSBA
2858.jpg,o8Tg
2859.jpg,XDZn
2860.jpg,iVlh
2861.jpg,l44J
2862.jpg,c49Y
2863.jpg,CLf8
2864.jpg,lHec
2865.jpg,l9xz
2866.jpg,k7AK
2867.jpg,tbEW
2868.jpg,94DX
2869.jpg,BYLb
2870.jpg,btDh
2871.jpg,ZWZH
2872.jpg,XX5r
2873.jpg,llZx
2874.jpg,9yWA
2875.jpg,lJ8E
2876.jpg,uyyV
2877.jpg,ArcY
2878.jpg,i1MN
2879.jpg,6Qe8
2880.jpg,6VT1
2881.jpg,8Y89
2882.jpg,DaOT
2883.jpg,CteD
2884.jpg,Mo3I
2885.jpg,7oXV
2886.jpg,5PpH
2887.jpg,PyRY
2888.jpg,lTYu
2889.jpg,j693
2890.jpg,IcVZ
2891.jpg,lUDH
2892.jpg,VfuL
2893.jpg,OUhg
2894.jpg,869M
2895.jpg,cFiM
2896.jpg,74JI
2897.jpg,iCii
2898.jpg,Q8n2
2899.jpg,1Bhs
2900.jpg,PWVu
2901.jpg,JOu3
2902.jpg,MMjH
2903.jpg,vY8y
2904.jpg,L6F8
2905.jpg,5ZYB
2906.jpg,JW79
2907.jpg,nPio
2908.jpg,XA09
2909.jpg,xbAC
2910.jpg,JbwH
2911.jpg,31PP
2912.jpg,XhZo
2913.jpg,kUWw
2914.jpg,g32Z
2915.jpg,1DDT
2916.jpg,GlYA
2917.jpg,lXZr
2918.jpg,iQxi
2919.jpg,Ul9O
2920.jpg,vld0
2921.jpg,XSW6
2922.jpg,biHB
2923.jpg,SuP8
2924.jpg,Df7f
2925.jpg,78WZ
2926.jpg,1O7J
2927.jpg,XDlc
2928.jpg,Z1Zs
2929.jpg,uPk0
2930.jpg,ixrG
2931.jpg,5WA5
2932.jpg,yCjA
2933.jpg,KO0l
2934.jpg,ios0
2935.jpg,nDXv
2936.jpg,OjN8
2937.jpg,ii5i
2938.jpg,C9IP
2939.jpg,ueel
2940.jpg,iU6a
2941.jpg,jbCY
2942.jpg,WWX1
2943.jpg,Z6sv
2944.jpg,l5V8
2945.jpg,GuHG
2946.jpg,MYN9
2947.jpg,w3Pa
2948.jpg,dnvy
2949.jpg,f5UD
2950.jpg,ka6r
2951.jpg,eGN6
2952.jpg,X7YS
2953.jpg,byfB
2954.jpg,4Gib
2955.jpg,lNYv
2956.jpg,2id7
2957.jpg,bYUc
2958.jpg,irFy
2959.jpg,s3CE
2960.jpg,0nYN
2961.jpg,DoPx
2962.jpg,537J
2963.jpg,vDs8
2964.jpg,VDIF
2965.jpg,J0P3
2966.jpg,hPTo
2967.jpg,lK96
2968.jpg,iUkh
2969.jpg,QlbN
2970.jpg,5US9
2971.jpg,bXi6
2972.jpg,ZUCo
2973.jpg,fhci
2974.jpg,sFea
2975.jpg,RXgu
2976.jpg,I9ho
2977.jpg,C0yC
2978.jpg,TGkb
2979.jpg,QbiN
2980.jpg,l0xj
2981.jpg,05xb
2982.jpg,Yl6R
2983.jpg,CM9E
2984.jpg,9krn
2985.jpg,8CrJ
2986.jpg,yZXV
2987.jpg,pbSj
2988.jpg,O7XL
2989.jpg,cpEt
2990.jpg,8b7k
2991.jpg,5Q64
2992.jpg,XXIB
2993.jpg,ISuJ
2994.jpg,shFv
2995.jpg,IWhX
2996.jpg,IWyi
2997.jpg,6WY8
2998.jpg,eTu6
2999.jpg,789I
3000.jpg,IXZt
3001.jpg,8YhH
3002.jpg,shWj
3003.jpg,InVH
3004.jpg,cQ8s
3005.jpg,5DGS
3006.jpg,9NHU
3007.jpg,Vfzj
3008.jpg,lyU4
3009.jpg,IQ46
3010.jpg,ZXwD
3011.jpg,zTXA
3012.jpg,6AYM
3013.jpg,iSDo
3014.jpg,oWvN
3015.jpg,YMxM
3016.jpg,5ISx
3017.jpg,l3Y3
3018.jpg,aF9C
3019.jpg,X3Ay
3020.jpg,bFjC
3021.jpg,C7P8
3022.jpg,8Wf1
3023.jpg,zg0M
3024.jpg,Yy8O
3025.jpg,896Y
3026.jpg,XwaD
3027.jpg,u5jV
3028.jpg,PW9l
3029.jpg,KXlU
3030.jpg,ZVvt
3031.jpg,Ii8U
3032.jpg,eQYA
3033.jpg,CAWu
3034.jpg,yvQ3
3035.jpg,e9NU
3036.jpg,7TT9
3037.jpg,e3HH
3038.jpg,YjOb
3039.jpg,ZijX
3040.jpg,8bX2
3041.jpg,E3G1
3042.jpg,0b80
3043.jpg,41ro
3044.jpg,8rl3
3045.jpg,X65G
3046.jpg,Zi5l
3047.jpg,fiub
3048.jpg,TIb9
3049.jpg,v5yI
3050.jpg,iW39
3051.jpg,IFXf
3052.jpg,npA1
3053.jpg,A8Cv
3054.jpg,QUmO
3055.jpg,6Upl
3056.jpg,eiNl
3057.jpg,whUP
3058.jpg,wbJE
3059.jpg,ZCPn
3060.jpg,YkCP
3061.jpg,oly8
3062.jpg,hKi9
3063.jpg,bnvp
3064.jpg,O4Ff
3065.jpg,37B6
3066.jpg,jtX1
3067.jpg,PHkG
3068.jpg,sBXV
3069.jpg,bjGz
3070.jpg,TC48
3071.jpg,hCDX
3072.jpg,iQtk
3073.jpg,lREn
3074.jpg,lvOo
3075.jpg,9OYQ
3076.jpg,D7Qk
3077.jpg,DGhR
3078.jpg,izTa
3079.jpg,QFyG
3080.jpg,bVZP
3081.jpg,hRKA
3082.jpg,D4RY
3083.jpg,ieDX
3084.jpg,X0uG
3085.jpg,7i99
3086.jpg,6iCF
3087.jpg,5kWR
3088.jpg,IDfa
3089.jpg,V9yS
3090.jpg,vH48
3091.jpg,BPL5
3092.jpg,2ZOv
3093.jpg,9ZF7
3094.jpg,8GuY
3095.jpg,kTrK
3096.jpg,ivfu
3097.jpg,YDD3
3098.jpg,IYuD
3099.jpg,5Xyb
3100.jpg,5P4n
3101.jpg,oKTN
3102.jpg,KO60
3103.jpg,do82
3104.jpg,bfbP
3105.jpg,JiXo
3106.jpg,1VN6
3107.jpg,j5hf
3108.jpg,SFr6
3109.jpg,BchP
3110.jpg,sW7S
3111.jpg,NZ8P
3112.jpg,y8I9
3113.jpg,X6F8
3114.jpg,7Q33
3115.jpg,C8yc
3116.jpg,9GbJ
3117.jpg,vzXi
3118.jpg,9ZWY
3119.jpg,iCyZ
3120.jpg,5MPy
3121.jpg,AcYH
3122.jpg,r7ZY
3123.jpg,MQ7S
3124.jpg,DY6Y
3125.jpg,IMW6
3126.jpg,0FO3
3127.jpg,YJ5f
3128.jpg,ji7E
3129.jpg,iiXf
3130.jpg,n2dj
3131.jpg,iONs
3132.jpg,8Kfc
3133.jpg,248i
3134.jpg,o1rc
3135.jpg,U7FS
3136.jpg,DyvL
3137.jpg,xT6v
3138.jpg,GOMf
3139.jpg,bRU9
3140.jpg,V8ZE
3141.jpg,96lc
3142.jpg,Qici
3143.jpg,6SgQ
3144.jpg,YiJV
3145.jpg,JIA0
3146.jpg,PlwO
3147.jpg,Cx9h
3148.jpg,9RYl
3149.jpg,ziii
3150.jpg,XlrE
3151.jpg,3NQj
3152.jpg,hP6j
3153.jpg,bbin
3154.jpg,LVyK
3155.jpg,buW8
3156.jpg,lsND
3157.jpg,APpa
3158.jpg,9iJU
3159.jpg,0tAU
3160.jpg,7YDN
3161.jpg,5xX6
3162.jpg,lLki
3163.jpg,u77R
3164.jpg,Vl8c
3165.jpg,6ghf
3166.jpg,8olh
3167.jpg,9fbO
3168.jpg,Ia4X
3169.jpg,loxD
3170.jpg,FjyN
3171.jpg,w9T7
3172.jpg,P8XU
3173.jpg,l8WD
3174.jpg,ifpm
3175.jpg,8uHz
3176.jpg,sd8Y
3177.jpg,XPFg
3178.jpg,I83n
3179.jpg,GtoQ
3180.jpg,dYXU
3181.jpg,dQjc
3182.jpg,6ClP
3183.jpg,y8TL
3184.jpg,rr0Z
3185.jpg,lig7
3186.jpg,F5Ts
3187.jpg,JoXe
3188.jpg,zGZ0
3189.jpg,6uAr
3190.jpg,PpDY
3191.jpg,7Thl
3192.jpg,bbb1
3193.jpg,YN5W
3194.jpg,0Z0D
3195.jpg,99ro
3196.jpg,480Y
3197.jpg,OZXG
3198.jpg,IT57
3199.jpg,GUwt
3200.jpg,pXUD
3201.jpg,IDL4
3202.jpg,ZYYP
3203.jpg,9NJz
3204.jpg,GjCF
3205.jpg,86Z3
3206.jpg,99Xr
3207.jpg,Ie9x
3208.jpg,WNP9
3209.jpg,lIJU
3210.jpg,C3JF
3211.jpg,GECX
3212.jpg,w9bI
3213.jpg,PYWy
3214.jpg,K3ZX
3215.jpg,OsVh
3216.jpg,8h39
3217.jpg,17ZG
3218.jpg,2JD5
3219.jpg,I0P5
3220.jpg,SX8W
3221.jpg,ltXc
3222.jpg,8Cne
3223.jpg,zDEC
3224.jpg,kFH8
3225.jpg,iKMC
3226.jpg,6jLc
3227.jpg,YDYo
3228.jpg,bKMa
3229.jpg,g52a
3230.jpg,DA3Z
3231.jpg,yj92
3232.jpg,mP7C
3233.jpg,IyPN
3234.jpg,TN3O
3235.jpg,D556
3236.jpg,B2vx
3237.jpg,PyCs
3238.jpg,X7Y0
3239.jpg,fXkl
3240.jpg,Ii8X
3241.jpg,xbNC
3242.jpg,3DY9
3243.jpg,CdD6
3244.jpg,q83J
3245.jpg,TPwK
3246.jpg,XXuT
3247.jpg,uXFn
3248.jpg,5XxT
3249.jpg,kbUJ
3250.jpg,rO9L
3251.jpg,Pq4T
3252.jpg,5RDS
3253.jpg,DbEA
3254.jpg,zb4E
3255.jpg,8p2j
3256.jpg,oQu5
3257.jpg,PVU7
3258.jpg,Xiol
3259.jpg,j34u
3260.jpg,OOXY
3261.jpg,PkXT
3262.jpg,G9kQ
3263.jpg,o0EH
3264.jpg,IgxJ
3265.jpg,IC54
3266.jpg,lDyZ
3267.jpg,feAH
3268.jpg,fb4h
3269.jpg,sGTM
3270.jpg,OsSx
3271.jpg,73kG
3272.jpg,GTXD
3273.jpg,86H7
3274.jpg,0YJb
3275.jpg,gMIP
3276.jpg,VT0i
3277.jpg,B8Hr
3278.jpg,tCDe
3279.jpg,nD5J
3280.jpg,l1CZ
3281.jpg,liFe
3282.jpg,ib99
3283.jpg,xJXf
3284.jpg,YJXP
3285.jpg,K6So
3286.jpg,1O8R
3287.jpg,903a
3288.jpg,3TQO
3289.jpg,60w6
3290.jpg,04Mw
3291.jpg,V45P
3292.jpg,7QAA
3293.jpg,Clyh
3294.jpg,JLXb
3295.jpg,lAiX
3296.jpg,C5ix
3297.jpg,2nBG
3298.jpg,zt19
3299.jpg,0K4O
3300.jpg,vTXw
3301.jpg,WIkP
3302.jpg,X8XZ
3303.jpg,nZk9
3304.jpg,9oiP
3305.jpg,128w
3306.jpg,o66t
3307.jpg,P52s
3308.jpg,Visu
3309.jpg,3XhP
3310.jpg,pfrT
3311.jpg,Xif8
3312.jpg,kRJO
3313.jpg,lQDi
3314.jpg,6iob
3315.jpg,6T86
3316.jpg,oT57
3317.jpg,bjyL
3318.jpg,CEY8
3319.jpg,AM9V
3320.jpg,jxzz
3321.jpg,oiY8
3322.jpg,6rW5
3323.jpg,e3PN
3324.jpg,PNMC
3325.jpg,jAPS
3326.jpg,6XRN
3327.jpg,p2vI
3328.jpg,52gP
3329.jpg,33QX
3330.jpg,G6N6
3331.jpg,C2UW
3332.jpg,YLKb
3333.jpg,I5NX
3334.jpg,n4AZ
3335.jpg,0UiX
3336.jpg,PP2b
3337.jpg,8ZaO
3338.jpg,b4ow
3339.jpg,IWxI
3340.jpg,IPv8
3341.jpg,NXfY
3342.jpg,AiHy
3343.jpg,yj00
3344.jpg,jg0H
3345.jpg,IC6l
3346.jpg,iZXQ
3347.jpg,9D30
3348.jpg,br5I
3349.jpg,lXoy
3350.jpg,lbXZ
3351.jpg,DAy6
3352.jpg,UW9p
3353.jpg,spjS
3354.jpg,8kXn
3355.jpg,vhij
3356.jpg,DNxe
3357.jpg,wXAJ
3358.jpg,iOsP
3359.jpg,PEfF
3360.jpg,DWbh
3361.jpg,O2Nu
3362.jpg,iifh
3363.jpg,W5V9
3364.jpg,h0EP
3365.jpg,Rk37
3366.jpg,PwH5
3367.jpg,Yy5I
3368.jpg,eP3o
3369.jpg,bU8s
3370.jpg,iwR0
3371.jpg,UNY3
3372.jpg,c3jE
3373.jpg,GHOR
3374.jpg,jAgn
3375.jpg,J9yX
3376.jpg,IiXD
3377.jpg,I56V
3378.jpg,XlyO
3379.jpg,4P1s
3380.jpg,AJXl
3381.jpg,O33Y
3382.jpg,7eX1
3383.jpg,IFuP
3384.jpg,XM0y
3385.jpg,6863
3386.jpg,OkJK
3387.jpg,lTMg
3388.jpg,PDjP
3389.jpg,PNkY
3390.jpg,C8xZ
3391.jpg,iKNv
3392.jpg,oHPb
3393.jpg,vOYK
3394.jpg,Yw6U
3395.jpg,itgR
3396.jpg,cNNN
3397.jpg,MP0S
3398.jpg,6Kng
3399.jpg,cJC0
3400.jpg,oPl5
3401.jpg,lzVv
3402.jpg,jXfa
3403.jpg,liKl
3404.jpg,lXOb
3405.jpg,hIXY
3406.jpg,503v
3407.jpg,w8IV
3408.jpg,CyGn
3409.jpg,PS6l
3410.jpg,G0A9
3411.jpg,IJW3
3412.jpg,b8kZ
3413.jpg,IpHi
3414.jpg,ZWG5
3415.jpg,x7Z9
3416.jpg,KDQu
3417.jpg,SpiO
3418.jpg,8nKK
3419.jpg,5ZvN
3420.jpg,BAZN
3421.jpg,Xryy
3422.jpg,KMTf
3423.jpg,shXf
3424.jpg,sCeO
3425.jpg,PfkK
3426.jpg,Si89
3427.jpg,6Ibl
3428.jpg,ZQVN
3429.jpg,0HKl
3430.jpg,TfX4
3431.jpg,29jI
3432.jpg,XiS9
3433.jpg,27bY
3434.jpg,ZHlm
3435.jpg,fEPY
3436.jpg,SPJp
3437.jpg,wDYS
3438.jpg,C79U
3439.jpg,OJ5f
3440.jpg,2Q9l
3441.jpg,8kgQ
3442.jpg,9ziL
3443.jpg,Iron
3444.jpg,iPT0
3445.jpg,NliM
3446.jpg,C3tk
3447.jpg,PGWE
3448.jpg,oOo4
3449.jpg,2y8V
3450.jpg,PpQX
3451.jpg,mj0c
3452.jpg,oFz0
3453.jpg,kn6K
3454.jpg,XMej
3455.jpg,6Xil
3456.jpg,oAYZ
3457.jpg,IYN2
3458.jpg,hYnU
3459.jpg,oAD0
3460.jpg,95HD
3461.jpg,PX2H
3462.jpg,9B9x
3463.jpg,lW6H
3464.jpg,1cWI
3465.jpg,I4i0
3466.jpg,UjgA
3467.jpg,3hCP
3468.jpg,V72P
3469.jpg,PXNu
3470.jpg,xtS5
3471.jpg,onFx
3472.jpg,6SmB
3473.jpg,ljUP
3474.jpg,byaY
3475.jpg,RSWk
3476.jpg,yXMI
3477.jpg,oYRX
3478.jpg,0GJb
3479.jpg,iMMD
3480.jpg,xfZp
3481.jpg,RhLD
3482.jpg,qARG
3483.jpg,XsnM
3484.jpg,yjab
3485.jpg,l76I
3486.jpg,FkJ9
3487.jpg,PHRN
3488.jpg,lGM4
3489.jpg,DCru
3490.jpg,yi1W
3491.jpg,v66J
3492.jpg,iHCh
3493.jpg,Wx07
3494.jpg,jkDQ
3495.jpg,eiiF
3496.jpg,4XY6
3497.jpg,UQE9
3498.jpg,6lii
3499.jpg,jYOi
3500.jpg,5bPW
3501.jpg,Xy57
3502.jpg,QAtx
3503.jpg,IW03
3504.jpg,CmG9
3505.jpg,XQOi
3506.jpg,liQw
3507.jpg,Z65Q
3508.jpg,Y454
3509.jpg,lli4
3510.jpg,kX2D
3511.jpg,6i0S
3512.jpg,1XeJ
3513.jpg,zYX9
3514.jpg,NGj7
3515.jpg,bOey
3516.jpg,KYN8
3517.jpg,IDC8
3518.jpg,I03O
3519.jpg,9Y4o
3520.jpg,eRi5
3521.jpg,YDXS
3522.jpg,XX8L
3523.jpg,lWiv
3524.jpg,1jTK
3525.jpg,tY86
3526.jpg,KXTk
3527.jpg,GtAX
3528.jpg,2bfc
3529.jpg,4V6i
3530.jpg,enXU
3531.jpg,bwOv
3532.jpg,3NCv
3533.jpg,yu3u
3534.jpg,wEYQ
3535.jpg,8Z9n
3536.jpg,iDY1
3537.jpg,PdXY
3538.jpg,5m7f
3539.jpg,bX5D
3540.jpg,cbse
3541.jpg,9ZYJ
3542.jpg,KN12
3543.jpg,PEHR
3544.jpg,gCyv
3545.jpg,sYFl
3546.jpg,Ibvo
3547.jpg,JJ3P
3548.jpg,QJUC
3549.jpg,Pi7c
3550.jpg,yUUe
3551.jpg,hhY1
3552.jpg,OO87
3553.jpg,l5fA
3554.jpg,452b
3555.jpg,8lIY
3556.jpg,cbiY
3557.jpg,i3uh
3558.jpg,i8xf
3559.jpg,y5A1
3560.jpg,XdY0
3561.jpg,TV70
3562.jpg,kX5O
3563.jpg,2lXN
3564.jpg,QGCm
3565.jpg,MDvo
3566.jpg,86gg
3567.jpg,YFyg
3568.jpg,wXDO
3569.jpg,nv88
3570.jpg,zz5r
3571.jpg,4NCK
3572.jpg,9Ckg
3573.jpg,A8Yb
3574.jpg,Z5r4
3575.jpg,PZZW
3576.jpg,9O9I
3577.jpg,h8ai
3578.jpg,I4VD
3579.jpg,YlFf
3580.jpg,DRU6
3581.jpg,YV7K
3582.jpg,8bP6
3583.jpg,oD6k
3584.jpg,IUX9
3585.jpg,khHN
3586.jpg,9Yb6
3587.jpg,Y7yL
3588.jpg,R6Nb
3589.jpg,l6JJ
3590.jpg,MQEQ
3591.jpg,iYX5
3592.jpg,t67Q
3593.jpg,20kV
3594.jpg,lXoE
3595.jpg,clwP
3596.jpg,fltM
3597.jpg,8Xk2
3598.jpg,75GU
3599.jpg,DBfj
3600.jpg,GCYW
3601.jpg,Iy5P
3602.jpg,08QC
3603.jpg,iGSJ
3604.jpg,7S9Y
3605.jpg,oD6P
3606.jpg,Uh39
3607.jpg,lXZV
3608.jpg,lSZc
3609.jpg,XFLB
3610.jpg,ZSQi
3611.jpg,iDYX
3612.jpg,ZPfY
3613.jpg,sikY
3614.jpg,b6YX
3615.jpg,Xku5
3616.jpg,GR23
3617.jpg,D9ga
3618.jpg,Iw4A
3619.jpg,ioxf
3620.jpg,ICXH
3621.jpg,9bYz
3622.jpg,Ckfi
3623.jpg,QYTD
3624.jpg,WADj
3625.jpg,4oP7
3626.jpg,3T5V
3627.jpg,bgYS
3628.jpg,40DT
3629.jpg,PSo6
3630.jpg,tJ9G
3631.jpg,sZby
3632.jpg,XbDD
3633.jpg,lh7U
3634.jpg,Dtbn
3635.jpg,C90n
3636.jpg,BjAj
3637.jpg,DCic
3638.jpg,4ISj
3639.jpg,eAXW
3640.jpg,lRaH
3641.jpg,XQX9
3642.jpg,7lp2
3643.jpg,i3Mb
3644.jpg,XwYi
3645.jpg,lQ0N
3646.jpg,7DNE
3647.jpg,IpIh
3648.jpg,lTCw
3649.jpg,oVZf
3650.jpg,Cj36
3651.jpg,XZVc
3652.jpg,9EUE
3653.jpg,iEKN
3654.jpg,CzsI
3655.jpg,kJyP
3656.jpg,nSv8
3657.jpg,GJX4
3658.jpg,ZYNh
3659.jpg,ri1b
3660.jpg,7IzX
3661.jpg,2sRy
3662.jpg,6rl5
3663.jpg,ieKT
3664.jpg,WBIh
3665.jpg,5G9o
3666.jpg,ZQ68
3667.jpg,z4G9
3668.jpg,OjHa
3669.jpg,lX8b
3670.jpg,C41v
3671.jpg,8WLP
3672.jpg,IXXy
3673.jpg,YkR0
3674.jpg,s5nX
3675.jpg,5X6h
3676.jpg,8iPl
3677.jpg,QX04
3678.jpg,uoDg
3679.jpg,XtkI
3680.jpg,GNOo
3681.jpg,WY6N
3682.jpg,0MXI
3683.jpg,6XNP
3684.jpg,Cq4J
3685.jpg,tz6h
3686.jpg,lllg
3687.jpg,IYWM
3688.jpg,Q0GU
3689.jpg,v9If
3690.jpg,639c
3691.jpg,jWYy
3692.jpg,CThM
3693.jpg,K8Sl
3694.jpg,IZrZ
3695.jpg,bUZS
3696.jpg,MK8P
3697.jpg,9XDc
3698.jpg,6XTb
3699.jpg,D3Xe
3700.jpg,QYf6
3701.jpg,eMBo
3702.jpg,znjW
3703.jpg,XOPh
3704.jpg,DOnF
3705.jpg,QUhO
3706.jpg,BWYk
3707.jpg,WD7h
3708.jpg,AOyb
3709.jpg,XXlW
3710.jpg,hpkD
3711.jpg,g6Oj
3712.jpg,UCPA
3713.jpg,sUNj
3714.jpg,UvOO
3715.jpg,oiNY
3716.jpg,PWgP
3717.jpg,CKZO
3718.jpg,rGZz
3719.jpg,PY7w
3720.jpg,CVI0
3721.jpg,IPb3
3722.jpg,ck9K
3723.jpg,kZCk
3724.jpg,XH3E
3725.jpg,to1N
3726.jpg,A3hQ
3727.jpg,xYOE
3728.jpg,lh7y
3729.jpg,9F95
3730.jpg,CkC5
3731.jpg,Y4iL
3732.jpg,5WVf
3733.jpg,k6Ur
3734.jpg,6sXl
3735.jpg,1iCD
3736.jpg,oNtu
3737.jpg,lfCZ
3738.jpg,I0Pj
3739.jpg,7iti
3740.jpg,l57m
3741.jpg,3Zw0
3742.jpg,26rH
3743.jpg,UQ3T
3744.jpg,bDCD
3745.jpg,Ihfx
3746.jpg,2abJ
3747.jpg,6i5W
3748.jpg,jHYl
3749.jpg,83mG
3750.jpg,iPDQ
3751.jpg,X7WM
3752.jpg,hoW9
3753.jpg,XGPM
3754.jpg,vIo1
3755.jpg,le8P
3756.jpg,dPZP
3757.jpg,F9jC
3758.jpg,9ovz
3759.jpg,o6Db
3760.jpg,Za9G
3761.jpg,92Zn
3762.jpg,lJtM
3763.jpg,Ibz5
3764.jpg,Y05E
3765.jpg,nmq9
3766.jpg,Czzm
3767.jpg,IAYo
3768.jpg,XFXY
3769.jpg,iY9V
3770.jpg,7nf4
3771.jpg,3lYw
3772.jpg,XHSv
3773.jpg,bokK
3774.jpg,XD7h
3775.jpg,IbL6
3776.jpg,CfLN
3777.jpg,IXD8
3778.jpg,UY0W
3779.jpg,8MXw
3780.jpg,9Cws
3781.jpg,zHPb
3782.jpg,99Dy
3783.jpg,IClq
3784.jpg,UO7O
3785.jpg,5efZ
3786.jpg,lOWB
3787.jpg,70Gy
3788.jpg,3VOn
3789.jpg,hhbZ
3790.jpg,SOXh
3791.jpg,iUVO
3792.jpg,0W4a
3793.jpg,liX3
3794.jpg,fnZs
3795.jpg,9XNY
3796.jpg,hM6P
3797.jpg,2cQ9
3798.jpg,7ilV
3799.jpg,GRbj
3800.jpg,J4Px
3801.jpg,5i2i
3802.jpg,liCQ
3803.jpg,YDAV
3804.jpg,KgYG
3805.jpg,7hGi
3806.jpg,koaI
3807.jpg,58yw
3808.jpg,Sbox
3809.jpg,oIjr
3810.jpg,t9Yn
3811.jpg,Xh67
3812.jpg,SSLH
3813.jpg,vHMl
3814.jpg,hW4y
3815.jpg,uI8a
3816.jpg,iOIe
3817.jpg,i8Nc
3818.jpg,PQ9Y
3819.jpg,l3IP
3820.jpg,ste3
3821.jpg,Ivx3
3822.jpg,WfGg
3823.jpg,K8iA
3824.jpg,PxXi
3825.jpg,KJp0
3826.jpg,3JRv
3827.jpg,ILy5
3828.jpg,nt4b
3829.jpg,cLJN
3830.jpg,lxrA
3831.jpg,w8LW
3832.jpg,93J5
3833.jpg,8O2l
3834.jpg,R46X
3835.jpg,Ilbn
3836.jpg,lWaT
3837.jpg,cFiF
3838.jpg,ySli
3839.jpg,6k3y
3840.jpg,XJUP
3841.jpg,7f5g
3842.jpg,WtO9
3843.jpg,PZK6
3844.jpg,DYQl
3845.jpg,li5V
3846.jpg,bWNJ
3847.jpg,JCz1
3848.jpg,a9N9
3849.jpg,IO8O
3850.jpg,wY4W
3851.jpg,h6L6
3852.jpg,5ywa
3853.jpg,iX6Q
3854.jpg,XCfY
3855.jpg,CtcI
3856.jpg,Wq9g
3857.jpg,w6HT
3858.jpg,jLZr
3859.jpg,AsGk
3860.jpg,lrRD
3861.jpg,f3rM
3862.jpg,J7UW
3863.jpg,iGF5
3864.jpg,hbUG
3865.jpg,fgDQ
3866.jpg,7cWk
3867.jpg,WXiA
3868.jpg,ONif
3869.jpg,81XS
3870.jpg,Y8ck
3871.jpg,DIjR
3872.jpg,BPCm
3873.jpg,bvkI
3874.jpg,Iakc
3875.jpg,XmZv
3876.jpg,RXbU
3877.jpg,IGj3
3878.jpg,D0L8
3879.jpg,iXBu
3880.jpg,lcj2
3881.jpg,5IGQ
3882.jpg,oLGC
3883.jpg,5j4k
3884.jpg,i61i
3885.jpg,0cZM
3886.jpg,3zbJ
3887.jpg,n6x4
3888.jpg,IZkh
3889.jpg,IXIh
3890.jpg,XXQD
3891.jpg,FV75
3892.jpg,s2HB
3893.jpg,vifi
3894.jpg,w8eT
3895.jpg,X8WD
3896.jpg,kowO
3897.jpg,9cN3
3898.jpg,IKPN
3899.jpg,XUy9
3900.jpg,zOTM
3901.jpg,1z5N
3902.jpg,iG6Q
3903.jpg,iTzP
3904.jpg,zJ84
3905.jpg,xNVw
3906.jpg,J24O
3907.jpg,iic1
3908.jpg,O5IC
3909.jpg,hW6Q
3910.jpg,iluE
3911.jpg,XXNa
3912.jpg,XY6Z
3913.jpg,6tTW
3914.jpg,ne8W
3915.jpg,IODI
3916.jpg,D9P3
3917.jpg,GOGy
3918.jpg,5hTK
3919.jpg,IbXG
3920.jpg,R5wm
3921.jpg,Xiii
3922.jpg,8UZV
3923.jpg,CRXt
3924.jpg,F01L
3925.jpg,3S8M
3926.jpg,38Pz
3927.jpg,IcWx
3928.jpg,r2rC
3929.jpg,9Y8b
3930.jpg,XAul
3931.jpg,inpe
3932.jpg,vQ8J
3933.jpg,XEWH
3934.jpg,lvqi
3935.jpg,PKI9
3936.jpg,vyzP
3937.jpg,gbgr
3938.jpg,9v6A
3939.jpg,I3PJ
3940.jpg,2V7P
3941.jpg,lzWr
3942.jpg,Bluy
3943.jpg,uGyZ
3944.jpg,Y63Y
3945.jpg,OioY
3946.jpg,C5NL
3947.jpg,I56X
3948.jpg,kX6t
3949.jpg,XPbR
3950.jpg,XONu
3951.jpg,YJLM
3952.jpg,gOD0
3953.jpg,5XX0
3954.jpg,h25l
3955.jpg,IYh9
3956.jpg,9wDT
3957.jpg,Djuz
3958.jpg,EPjw
3959.jpg,XeNS
3960.jpg,Cl6C
3961.jpg,0i4a
3962.jpg,f53G
3963.jpg,WAVv
3964.jpg,8hOa
3965.jpg,BJu9
3966.jpg,lC8H
3967.jpg,90nY
3968.jpg,i9xx
3969.jpg,ifZ6
3970.jpg,PEik
3971.jpg,kbPD
3972.jpg,hC1x
3973.jpg,CLnD
3974.jpg,lyCj
3975.jpg,PLfZ
3976.jpg,PY07
3977.jpg,QPNi
3978.jpg,0lQU
3979.jpg,4b29
3980.jpg,sz5U
3981.jpg,vATJ
3982.jpg,83PO
3983.jpg,0kwM
3984.jpg,X5CL
3985.jpg,I6UG
3986.jpg,lSJw
3987.jpg,RyZV
3988.jpg,lMzj
3989.jpg,IOXT
3990.jpg,bgiX
3991.jpg,K38Y
3992.jpg,842l
3993.jpg,fEDc
3994.jpg,W95J
3995.jpg,I7bn
3996.jpg,7b4D
3997.jpg,Pvw6
3998.jpg,QXva
3999.jpg,Fj1F
4000.jpg,lLNy
4001.jpg,oBCG
4002.jpg,lFDv
4003.jpg,lHLc
4004.jpg,nADe
4005.jpg,llNo
4006.jpg,555J
4007.jpg,lQ07
4008.jpg,6Viw
4009.jpg,liQY
4010.jpg,9y3M
4011.jpg,WW95
4012.jpg,i8x2
4013.jpg,OQKI
4014.jpg,lPVF
4015.jpg,zXs1
4016.jpg,IX0N
4017.jpg,orQ6
4018.jpg,ZJPR
4019.jpg,i66K
4020.jpg,99zO
4021.jpg,ocSe
4022.jpg,Z9z8
4023.jpg,7MPU
4024.jpg,k6vt
4025.jpg,GXKW
4026.jpg,V9Dh
4027.jpg,wYcK
4028.jpg,8EAY
4029.jpg,hNOy
4030.jpg,uhA8
4031.jpg,o7V7
4032.jpg,GA5K
4033.jpg,AKXa
4034.jpg,AYSI
4035.jpg,lzhC
4036.jpg,Or6D
4037.jpg,uNxD
4038.jpg,0ACX
4039.jpg,INe3
4040.jpg,xTSd
4041.jpg,IAJh
4042.jpg,kAqb
4043.jpg,79OF
4044.jpg,xG8i
4045.jpg,9hEi
4046.jpg,b6D0
4047.jpg,KCSw
4048.jpg,iA6h
4049.jpg,b05i
4050.jpg,ICJV
4051.jpg,r5dP
4052.jpg,Ih8o
4053.jpg,B67N
4054.jpg,lgGN
4055.jpg,T1CZ
4056.jpg,IyNA
4057.jpg,0DSC
4058.jpg,MWX5
4059.jpg,78nj
4060.jpg,nwJn
4061.jpg,81fT
4062.jpg,Zh9x
4063.jpg,GPM0
4064.jpg,ZRaP
4065.jpg,h5Tr
4066.jpg,AY6y
4067.jpg,buiQ
4068.jpg,cVaM
4069.jpg,ykEV
4070.jpg,yJZ9
4071.jpg,i6GO
4072.jpg,IjN0
4073.jpg,wc6W
4074.jpg,CXj1
4075.jpg,IUKK
4076.jpg,6CVE
4077.jpg,SUXi
4078.jpg,siiy
4079.jpg,lb6s
4080.jpg,pX9W
4081.jpg,RXyg
4082.jpg,XUzu
4083.jpg,vhiv
4084.jpg,ljvJ
4085.jpg,vOWG
4086.jpg,cYX9
4087.jpg,YQPM
4088.jpg,fbfA
4089.jpg,VF6F
4090.jpg,NXtx
4091.jpg,nwTx
4092.jpg,7AH3
4093.jpg,iMXZ
4094.jpg,IPZy
4095.jpg,lAj6
4096.jpg,8wvX
4097.jpg,IjYu
4098.jpg,gUrz
4099.jpg,P6ea
4100.jpg,YLRg
4101.jpg,9UX7
4102.jpg,oOXO
4103.jpg,VGHh
4104.jpg,I0tN
4105.jpg,AF8G
4106.jpg,9EQu
4107.jpg,oIiT
4108.jpg,lwO9
4109.jpg,XFyi
4110.jpg,QUeN
4111.jpg,tyqe
4112.jpg,0W3D
4113.jpg,1h8f
4114.jpg,Sf0D
4115.jpg,CoiX
4116.jpg,9GdN
4117.jpg,TMhw
4118.jpg,bc7b
4119.jpg,IVh7
4120.jpg,mDP5
4121.jpg,0S6m
4122.jpg,2XNl
4123.jpg,INL4
4124.jpg,zMhb
4125.jpg,z4XA
4126.jpg,ZzD7
4127.jpg,jbgz
4128.jpg,n4Yo
4129.jpg,ZiDL
4130.jpg,9RCI
4131.jpg,Iv5N
4132.jpg,itnT
4133.jpg,Ctuz
4134.jpg,i6DF
4135.jpg,3HJG
4136.jpg,ImnP
4137.jpg,bL69
4138.jpg,iXjb
4139.jpg,Gp0i
4140.jpg,YloG
4141.jpg,hXak
4142.jpg,0WXi
4143.jpg,C5vp
4144.jpg,h3hk
4145.jpg,QQ2s
4146.jpg,l8eS
4147.jpg,5Ixk
4148.jpg,IQLG
4149.jpg,hHCX
4150.jpg,b9YY
4151.jpg,yDqG
4152.jpg,iQ8Z
4153.jpg,XwI5
4154.jpg,u4zT
4155.jpg,MwDI
4156.jpg,SNJQ
4157.jpg,X6Pv
4158.jpg,577p
4159.jpg,tV3L
4160.jpg,5Ciu
4161.jpg,IEr0
4162.jpg,CgTb
4163.jpg,59yO
4164.jpg,D8kl
4165.jpg,w2hw
4166.jpg,9Z0b
4167.jpg,L7il
4168.jpg,8Eyo
4169.jpg,PJJZ
4170.jpg,7Dpc
4171.jpg,iiYX
4172.jpg,CMIu
4173.jpg,BrvM
4174.jpg,oEiO
4175.jpg,KXWO
4176.jpg,78Ry
4177.jpg,wQu5
4178.jpg,UN37
4179.jpg,YOCw
4180.jpg,58Yn
4181.jpg,IU58
4182.jpg,KYTc
4183.jpg,94Rg
4184.jpg,lh2b
4185.jpg,JL6m
4186.jpg,8aID
4187.jpg,CXWY
4188.jpg,Fv0h
4189.jpg,5kAx
4190.jpg,69XV
4191.jpg,bUOl
4192.jpg,5nWq
4193.jpg,9w8i
4194.jpg,vHrV
4195.jpg,PGZD
4196.jpg,6f7X
4197.jpg,WY8h
4198.jpg,XYUi
4199.jpg,DCYV
4200.jpg,Q8YT
4201.jpg,XGkO
4202.jpg,O7bi
4203.jpg,1scK
4204.jpg,lV2s
4205.jpg,IHTX
4206.jpg,C12f
4207.jpg,uZPA
4208.jpg,y9i8
4209.jpg,UAtD
4210.jpg,zKIt
4211.jpg,R6ol
4212.jpg,wpkY
4213.jpg,P74k
4214.jpg,JZVv
4215.jpg,4YXs
4216.jpg,hZoX
4217.jpg,upS2
4218.jpg,GkvA
4219.jpg,eYYV
4220.jpg,mi7J
4221.jpg,iXhw
4222.jpg,Fjhw
4223.jpg,CNYt
4224.jpg,68bs
4225.jpg,3ZDG
4226.jpg,91Z1
4227.jpg,bB97
4228.jpg,0VyD
4229.jpg,Ji76
4230.jpg,J3vU
4231.jpg,P6Zt
4232.jpg,P9tY
4233.jpg,IXCk
4234.jpg,sUDO
4235.jpg,XcOX
4236.jpg,Fjkl
4237.jpg,7v0x
4238.jpg,0YXF
4239.jpg,D4ww
4240.jpg,C5Vr
4241.jpg,ltSI
4242.jpg,lY86
4243.jpg,OJ8j
4244.jpg,J40W
4245.jpg,yNXW
4246.jpg,ZY0P
4247.jpg,z3N7
4248.jpg,irwu
4249.jpg,t6Lh
4250.jpg,KQs6
4251.jpg,9Mnx
4252.jpg,XnDb
4253.jpg,GaZy
4254.jpg,2lfb
4255.jpg,93DJ
4256.jpg,yf7t
4257.jpg,I6W2
4258.jpg,lVkK
4259.jpg,bEQT
4260.jpg,we0E
4261.jpg,Ytuh
4262.jpg,0wYC
4263.jpg,6oUI
4264.jpg,S50K
4265.jpg,rfoZ
4266.jpg,lIxK
4267.jpg,5tS5
4268.jpg,iTIb
4269.jpg,eX8t
4270.jpg,ZXfb
4271.jpg,0fXo
4272.jpg,4m59
4273.jpg,CcZP
4274.jpg,K336
4275.jpg,wYLF
4276.jpg,NcQl
4277.jpg,sLbC
4278.jpg,34Us
4279.jpg,Z5lz
4280.jpg,l4X8
4281.jpg,8mfD
4282.jpg,iYxl
4283.jpg,y2a3
4284.jpg,07i9
4285.jpg,XXDR
4286.jpg,XAhy
4287.jpg,TA1V
4288.jpg,KXDG
4289.jpg,CYDM
4290.jpg,lGSt
4291.jpg,InGb
4292.jpg,C75q
4293.jpg,cBHY
4294.jpg,8GAD
4295.jpg,Pjn3
4296.jpg,kFCD
4297.jpg,h38Z
4298.jpg,Iseb
4299.jpg,zV5z
4300.jpg,ilYi
4301.jpg,QyI4
4302.jpg,WMDR
4303.jpg,bYbw
4304.jpg,WgYI
4305.jpg,OShI
4306.jpg,7E0A
4307.jpg,Zk1S
4308.jpg,6ZNV
4309.jpg,xrXT
4310.jpg,KDqJ
4311.jpg,xMdD
4312.jpg,bAxs
4313.jpg,jh7f
4314.jpg,cODN
4315.jpg,JKOT
4316.jpg,zb7a
4317.jpg,zbh3
4318.jpg,82nC
4319.jpg,ZhIY
4320.jpg,PgNY
4321.jpg,8Tjk
4322.jpg,8tJH
4323.jpg,IAJP
4324.jpg,5Di8
4325.jpg,vjGR
4326.jpg,jjJ6
4327.jpg,GvPO
4328.jpg,7iu9
4329.jpg,obSU
4330.jpg,Ib9Z
4331.jpg,XC8K
4332.jpg,iXXX
4333.jpg,UqDC
4334.jpg,YzZl
4335.jpg,vTJn
4336.jpg,cZXy
4337.jpg,lkD6
4338.jpg,vwQy
4339.jpg,7CCF
4340.jpg,5vkv
4341.jpg,oFYZ
4342.jpg,S9Vb
4343.jpg,nT9Y
4344.jpg,4Xav
4345.jpg,Y2Ni
4346.jpg,8n9T
4347.jpg,fXWu
4348.jpg,Iigr
4349.jpg,XCI5
4350.jpg,ktEh
4351.jpg,1pVr
4352.jpg,IDzx
4353.jpg,X8E8
4354.jpg,i6gy
4355.jpg,Ca46
4356.jpg,tAHj
4357.jpg,zG8L
4358.jpg,YNXJ
4359.jpg,8IKQ
4360.jpg,CtxX
4361.jpg,j6D5
4362.jpg,92kP
4363.jpg,IS8U
4364.jpg,lja5
4365.jpg,lFIW
4366.jpg,wybY
4367.jpg,8Mli
4368.jpg,0A0I
4369.jpg,RD5i
4370.jpg,bJvR
4371.jpg,lBPh
4372.jpg,X2PW
4373.jpg,IXFW
4374.jpg,J06v
4375.jpg,l3G9
4376.jpg,0P5W
4377.jpg,StYk
4378.jpg,0rN8
4379.jpg,7TNk
4380.jpg,Tyx5
4381.jpg,wZYD
4382.jpg,yXKb
4383.jpg,biVR
4384.jpg,llGo
4385.jpg,oe8i
4386.jpg,KHUW
4387.jpg,08Yy
4388.jpg,CiSD
4389.jpg,zhJ3
4390.jpg,VPgn
4391.jpg,e898
4392.jpg,e5YS
4393.jpg,xRib
4394.jpg,O5lN
4395.jpg,8b2I
4396.jpg,IAK6
4397.jpg,IEYB
4398.jpg,wvNN
4399.jpg,8NYI
4400.jpg,wiLI
4401.jpg,Nw7V
4402.jpg,9iIm
4403.jpg,lOz0
4404.jpg,LMKf
4405.jpg,bVkE
4406.jpg,1gay
4407.jpg,7oUQ
4408.jpg,UegE
4409.jpg,oPlR
4410.jpg,PIwZ
4411.jpg,b8ii
4412.jpg,70T9
4413.jpg,I76H
4414.jpg,0AJ6
4415.jpg,S4D7
4416.jpg,VVvv
4417.jpg,XD4g
4418.jpg,wjTQ
4419.jpg,CXu1
4420.jpg,0iyU
4421.jpg,UXXM
4422.jpg,jEvX
4423.jpg,swh9
4424.jpg,If98
4425.jpg,SbzK
4426.jpg,IHxG
4427.jpg,DEkx
4428.jpg,Iv2a
4429.jpg,A5v1
4430.jpg,kyF8
4431.jpg,7lYS
4432.jpg,30VG
4433.jpg,6zbO
4434.jpg,PXf8
4435.jpg,Ihbo
4436.jpg,ZSus
4437.jpg,lv2u
4438.jpg,clnc
4439.jpg,I8j6
4440.jpg,0vEj
4441.jpg,4Xg4
4442.jpg,vOHi
4443.jpg,mhPI
4444.jpg,GlC0
4445.jpg,wCY9
4446.jpg,iwUZ
4447.jpg,XVdC
4448.jpg,7psu
4449.jpg,JTbD
4450.jpg,AvkI
4451.jpg,iLYI
4452.jpg,PYA3
4453.jpg,XLb5
4454.jpg,RXCv
4455.jpg,8DF5
4456.jpg,lJPM
4457.jpg,X84o
4458.jpg,oECC
4459.jpg,9kcW
4460.jpg,wO8P
4461.jpg,ohYY
4462.jpg,7XXp
4463.jpg,hDXb
4464.jpg,4M8T
4465.jpg,1qDN
4466.jpg,ilJI
4467.jpg,0oHS
4468.jpg,I85p
4469.jpg,PVYC
4470.jpg,8Xz9
4471.jpg,aYbM
4472.jpg,pMP1
4473.jpg,Y8lD
4474.jpg,3C3r
4475.jpg,ctLk
4476.jpg,UEN6
4477.jpg,QH50
4478.jpg,DXDN
4479.jpg,JfAx
4480.jpg,X9jw
4481.jpg,TDCQ
4482.jpg,YbAY
4483.jpg,jO4N
4484.jpg,l90O
4485.jpg,ltQD
4486.jpg,I6XH
4487.jpg,I8Zu
4488.jpg,1X7C
4489.jpg,oq9y
4490.jpg,wYVT
4491.jpg,YYQW
4492.jpg,AyL7
4493.jpg,IO5b
4494.jpg,6CXZ
4495.jpg,YGqN
4496.jpg,P45U
4497.jpg,9NFe
4498.jpg,C86G
4499.jpg,lVUv
4500.jpg,oiBT
4501.jpg,ZgvA
4502.jpg,CFVO
4503.jpg,hqGH
4504.jpg,X8uH
4505.jpg,OE5t
4506.jpg,7hYi
4507.jpg,Y9PN
4508.jpg,13D5
4509.jpg,TymP
4510.jpg,92YE
4511.jpg,gZD7
4512.jpg,jXDl
4513.jpg,03YU
4514.jpg,7WxY
4515.jpg,DHH4
4516.jpg,izi3
4517.jpg,sDPP
4518.jpg,ZKC7
4519.jpg,D4XU
4520.jpg,utbh
4521.jpg,IR88
4522.jpg,X8Y8
4523.jpg,yi9j
4524.jpg,26oy
4525.jpg,WlNY
4526.jpg,Ik8D
4527.jpg,77KC
4528.jpg,0en7
4529.jpg,i7Kh
4530.jpg,lSCM
4531.jpg,OjxZ
4532.jpg,Aw4i
4533.jpg,o6iX
4534.jpg,7b8I
4535.jpg,e6X7
4536.jpg,XkNP
4537.jpg,v77K
4538.jpg,XYes
4539.jpg,lWl9
4540.jpg,lHNr
4541.jpg,9tj0
4542.jpg,fZ6N
4543.jpg,nUhW
4544.jpg,8NTa
4545.jpg,XHh5
4546.jpg,XMna
4547.jpg,XYob
4548.jpg,Fn6e
4549.jpg,k8hQ
4550.jpg,8Nsn
4551.jpg,Oi98
4552.jpg,Dyid
4553.jpg,sBWI
4554.jpg,lClv
4555.jpg,QPeK
4556.jpg,9eXk
4557.jpg,9FUc
4558.jpg,PAnn
4559.jpg,vXD9
4560.jpg,i8N5
4561.jpg,mJHT
4562.jpg,nDkv
4563.jpg,Xc7g
4564.jpg,KDtP
4565.jpg,CWY3
4566.jpg,i007
4567.jpg,IX8D
4568.jpg,lvwu
4569.jpg,thwf
4570.jpg,jkDK
4571.jpg,cJjl
4572.jpg,lSrA
4573.jpg,zijI
4574.jpg,gUOU
4575.jpg,yDy1
4576.jpg,l3O4
4577.jpg,2N6Y
4578.jpg,O97C
4579.jpg,DOCc
4580.jpg,v6iS
4581.jpg,xqzT
4582.jpg,6hYW
4583.jpg,lPQ6
4584.jpg,p5En
4585.jpg,1J8A
4586.jpg,Xr27
4587.jpg,l6b6
4588.jpg,ewfb
4589.jpg,7D4x
4590.jpg,MBoN
4591.jpg,live
4592.jpg,iXnQ
4593.jpg,Y8g6
4594.jpg,0vXM
4595.jpg,6lii
4596.jpg,z3l8
4597.jpg,WvM1
4598.jpg,IhrW
4599.jpg,inve
4600.jpg,8iHT
4601.jpg,TJWr
4602.jpg,nXbf
4603.jpg,lQP3
4604.jpg,6YQC
4605.jpg,2WyH
4606.jpg,60Uv
4607.jpg,1DPW
4608.jpg,WIAb
4609.jpg,bbI4
4610.jpg,6KYC
4611.jpg,XJnJ
4612.jpg,PY6I
4613.jpg,vHlB
4614.jpg,iLlY
4615.jpg,oN3F
4616.jpg,sl3Z
4617.jpg,VS8U
4618.jpg,f9J2
4619.jpg,fbgL
4620.jpg,fTiQ
4621.jpg,lbiy
4622.jpg,GWgs
4623.jpg,oN4u
4624.jpg,ij7C
4625.jpg,s2Ir
4626.jpg,TlhO
4627.jpg,IkVJ
4628.jpg,FiIM
4629.jpg,UYUb
4630.jpg,shPN
4631.jpg,iJVb
4632.jpg,VlYi
4633.jpg,i91w
4634.jpg,o2Aw
4635.jpg,IbaU
4636.jpg,XGNV
4637.jpg,W7Pn
4638.jpg,I9QD
4639.jpg,YQJI
4640.jpg,XC6t
4641.jpg,3XS5
4642.jpg,jl4N
4643.jpg,y7uL
4644.jpg,YCBe
4645.jpg,d9Z8
4646.jpg,cCYb
4647.jpg,dRDU
4648.jpg,f6LD
4649.jpg,lJCz
4650.jpg,8VFO
4651.jpg,98WB
4652.jpg,VjCs
4653.jpg,002I
4654.jpg,0CZ1
4655.jpg,kJk2
4656.jpg,3gCG
4657.jpg,2DHH
4658.jpg,BHXW
4659.jpg,bvYF
4660.jpg,CUxL
4661.jpg,bbZy
4662.jpg,i0ii
4663.jpg,1rHw
4664.jpg,8Y78
4665.jpg,8Ktp
4666.jpg,hYyE
4667.jpg,xCbw
4668.jpg,T8Af
4669.jpg,EXuP
4670.jpg,oC14
4671.jpg,YDZL
4672.jpg,bteH
4673.jpg,Q54C
4674.jpg,i8x9
4675.jpg,DODS
4676.jpg,ilSW
4677.jpg,XO3W
4678.jpg,dcJD
4679.jpg,0cDa
4680.jpg,n9vN
4681.jpg,9oYv
4682.jpg,lQCE
4683.jpg,ltI1
4684.jpg,yteZ
4685.jpg,AA8l
4686.jpg,IYIa
4687.jpg,bHXc
4688.jpg,l2tO
4689.jpg,Ff8w
4690.jpg,9p4I
4691.jpg,6GQ0
4692.jpg,7XIL
4693.jpg,oY3c
4694.jpg,VyU6
4695.jpg,PfUO
4696.jpg,DM0J
4697.jpg,A9EY
4698.jpg,0h0E
4699.jpg,BPo5
4700.jpg,8jl8
4701.jpg,7c47
4702.jpg,RfD8
4703.jpg,5DQ3
4704.jpg,5Xiy
4705.jpg,D9Y7
4706.jpg,07eH
4707.jpg,ck95
4708.jpg,T9PO
4709.jpg,CxAy
4710.jpg,56k9
4711.jpg,U78o
4712.jpg,M3X5
4713.jpg,lCj4
4714.jpg,iY9P
4715.jpg,o7h8
4716.jpg,if89
4717.jpg,XYkA
4718.jpg,0w86
4719.jpg,n7N8
4720.jpg,lyYr
4721.jpg,13XP
4722.jpg,hZXO
4723.jpg,lXTv
4724.jpg,lidL
4725.jpg,3p00
4726.jpg,icbi
4727.jpg,Ih8S
4728.jpg,3sXr
4729.jpg,iNbs
4730.jpg,T48Z
4731.jpg,9jtZ
4732.jpg,sAP5
4733.jpg,nPC9
4734.jpg,8Pol
4735.jpg,WD0X
4736.jpg,L5j6
4737.jpg,w3SK
4738.jpg,incT
4739.jpg,48WS
4740.jpg,GCx1
4741.jpg,hJlD
4742.jpg,mz1D
4743.jpg,yo0I
4744.jpg,ItFl
4745.jpg,AZXV
4746.jpg,UYw4
4747.jpg,lE8M
4748.jpg,plXU
4749.jpg,GenI
4750.jpg,i86Z
4751.jpg,lv8P
4752.jpg,wYX2
4753.jpg,XZTX
4754.jpg,C6o6
4755.jpg,89Q0
4756.jpg,i8sD
4757.jpg,4YPw
4758.jpg,iXR9
4759.jpg,8ekP
4760.jpg,CDHF
4761.jpg,TkuP
4762.jpg,8J5t
4763.jpg,QfOG
4764.jpg,i5oC
4765.jpg,X9eT
4766.jpg,aFJL
4767.jpg,DW79
4768.jpg,icoS
4769.jpg,2pwA
4770.jpg,Vuhh
4771.jpg,RXyi
4772.jpg,XJ99
4773.jpg,ZYuR
4774.jpg,CJ8T
4775.jpg,iWY2
4776.jpg,4DbP
4777.jpg,TYPI
4778.jpg,6fF5
4779.jpg,x8Nk
4780.jpg,xz8J
4781.jpg,jjG8
4782.jpg,lIco
4783.jpg,zZ06
4784.jpg,08jh
4785.jpg,pAbZ
4786.jpg,ZJhT
4787.jpg,X9x6
4788.jpg,cm8h
4789.jpg,ub4M
4790.jpg,b9CL
4791.jpg,BXWr
4792.jpg,UiKe
4793.jpg,XDwM
4794.jpg,83ny
4795.jpg,I7V3
4796.jpg,Yr9J
4797.jpg,J3DA
4798.jpg,V9y3
4799.jpg,BGPV
4800.jpg,KC88
4801.jpg,V0VQ
4802.jpg,UnM3
4803.jpg,kVP2
4804.jpg,iikV
4805.jpg,X262
4806.jpg,IyX4
4807.jpg,b6vH
4808.jpg,vzW5
4809.jpg,IIpj
4810.jpg,ZbZW
4811.jpg,8iHV
4812.jpg,QQ99
4813.jpg,YWq9
4814.jpg,P9HV
4815.jpg,CMQh
4816.jpg,Z66G
4817.jpg,bLFz
4818.jpg,0D8X
4819.jpg,9f5r
4820.jpg,K80h
4821.jpg,P7zK
4822.jpg,DX6c
4823.jpg,cwQ4
4824.jpg,7V3C
4825.jpg,FjxX
4826.jpg,Doby
4827.jpg,837f
4828.jpg,YPT6
4829.jpg,lQDM
4830.jpg,Ii0g
4831.jpg,vlC5
4832.jpg,jFYB
4833.jpg,Kanj
4834.jpg,3c1S
4835.jpg,Eu1Q
4836.jpg,si0P
4837.jpg,8iXv
4838.jpg,vtRr
4839.jpg,1bOP
4840.jpg,xO3J
4841.jpg,iA2A
4842.jpg,IUHD
4843.jpg,cO6Q
4844.jpg,iXVu
4845.jpg,yIvA
4846.jpg,J9J0
4847.jpg,b9YS
4848.jpg,g6gf
4849.jpg,X4xC
4850.jpg,8bX7
4851.jpg,36WQ
4852.jpg,fhY6
4853.jpg,6vLx
4854.jpg,ih2j
4855.jpg,6jyq
4856.jpg,iXYi
4857.jpg,l6fY
4858.jpg,hZZS
4859.jpg,HYJ1
4860.jpg,lVEC
4861.jpg,kHA8
4862.jpg,t1kn
4863.jpg,KLOH
4864.jpg,dDq1
4865.jpg,IG4K
4866.jpg,wYDZ
4867.jpg,IDSb
4868.jpg,06DZ
4869.jpg,iiiu
4870.jpg,RYYi
4871.jpg,VvXT
4872.jpg,0nYh
4873.jpg,bQfC
4874.jpg,QhXh
4875.jpg,k5S1
4876.jpg,1lsV
4877.jpg,P7sK
4878.jpg,OmXt
4879.jpg,X78W
4880.jpg,xfxT
4881.jpg,645D
4882.jpg,qNVN
4883.jpg,53Vb
4884.jpg,YGC9
4885.jpg,39qD
4886.jpg,aEiD
4887.jpg,AQs8
4888.jpg,OWJS
4889.jpg,7i9Y
4890.jpg,MGNP
4891.jpg,7vGk
4892.jpg,XDbr
4893.jpg,4YiM
4894.jpg,ilNQ
4895.jpg,CKlA
4896.jpg,oElP
4897.jpg,sjeO
4898.jpg,9PXE
4899.jpg,iHXn
4900.jpg,9XY9
4901.jpg,54ew
4902.jpg,6KaW
4903.jpg,Jstu
4904.jpg,j98v
4905.jpg,iD7O
4906.jpg,k5cc
4907.jpg,Gmiy
4908.jpg,0iiK
4909.jpg,5yN1
4910.jpg,OJ5f
4911.jpg,9C4Z
4912.jpg,lPMX
4913.jpg,fMXH
4914.jpg,oASl
4915.jpg,Ikvk
4916.jpg,ikJ0
4917.jpg,PWr0
4918.jpg,ji7a
4919.jpg,TLF7
4920.jpg,R9Ie
4921.jpg,UOw4
4922.jpg,C8XE
4923.jpg,l5PN
4924.jpg,oqXN
4925.jpg,wYwB
4926.jpg,hiPP
4927.jpg,I4hi
4928.jpg,Iiue
4929.jpg,l5Se
4930.jpg,W7u7
4931.jpg,8x76
4932.jpg,78Px
4933.jpg,mYWx
4934.jpg,R7sf
4935.jpg,iWKJ
4936.jpg,ZDiJ
4937.jpg,PXRx
4938.jpg,D3OD
4939.jpg,g4Ni
4940.jpg,8XFJ
4941.jpg,IIZf
4942.jpg,b8Ei
4943.jpg,WBcV
4944.jpg,lEn1
4945.jpg,IMCb
4946.jpg,kyTk
4947.jpg,lh2F
4948.jpg,IXTO
4949.jpg,jPBT
4950.jpg,lFXE
4951.jpg,uGAY
4952.jpg,KLzc
4953.jpg,PW85
4954.jpg,CrRl
4955.jpg,ieNi
4956.jpg,IOcC
4957.jpg,LXUM
4958.jpg,l0fg
4959.jpg,QHY8
4960.jpg,9Xic
4961.jpg,SKk8
4962.jpg,plf9
4963.jpg,64Z3
4964.jpg,Gyi9
4965.jpg,5TQz
4966.jpg,WOWN
4967.jpg,i93f
4968.jpg,XXzp
4969.jpg,R21N
4970.jpg,1itT
4971.jpg,XgDX
4972.jpg,5sTO
4973.jpg,iyaC
4974.jpg,Xccd
4975.jpg,0ygW
4976.jpg,sP9C
4977.jpg,lkMk
4978.jpg,IZIE
4979.jpg,jD19
4980.jpg,SoJi
4981.jpg,I867
4982.jpg,iCii
4983.jpg,nVbx
4984.jpg,yTYM
4985.jpg,RO7E
4986.jpg,IAP8
4987.jpg,hyhZ
4988.jpg,bYXV
4989.jpg,o6Yw
4990.jpg,yuiK
4991.jpg,5sxK
4992.jpg,nxoi
4993.jpg,f7Pq
4994.jpg,YVY3
4995.jpg,0sNr
4996.jpg,X1ni
4997.jpg,6vki
4998.jpg,gCQI
4999.jpg,S0Kk
5000.jpg,i169
